price,bedrooms,bathrooms,sqft_living,sqft_lot,floors,waterfront,view,condition,grade,sqft_above,sqft_basement,yr_built,yr_renovated,zipcode,lat,long,sqft_living15,sqft_lot15
425000.0,3,1.0,1180,7200,1.5,0,0,4,7,1180,0,1949,0,98133,47.7121,-122.333,2240,7875
230500.0,2,1.0,740,8853,1.0,0,0,3,6,740,0,1943,0,98166,47.4793,-122.336,850,8775
372000.0,4,2.75,2610,8967,2.0,0,0,4,8,2610,0,1990,0,98042,47.3747,-122.124,2390,7852
502000.0,3,1.75,1300,8800,1.0,0,0,4,8,1300,0,1963,0,98008,47.6199,-122.116,1350,8800
425000.0,4,1.0,1260,7645,1.5,0,0,3,6,1260,0,1925,0,98146,47.5044,-122.35,1170,7649
243500.0,4,2.0,1610,6200,1.0,0,0,4,7,1610,0,1979,0,98198,47.3833,-122.306,1610,7500
1388000.0,4,3.0,4040,20001,1.0,0,0,3,9,2020,2020,1972,2001,98004,47.6408,-122.212,2990,20098
581000.0,3,2.5,2600,4438,2.0,0,0,3,7,2600,0,2004,0,98053,47.6799,-122.034,2600,4904
425000.0,3,1.0,1000,5100,1.0,0,0,3,7,860,140,1946,0,98115,47.6857,-122.293,1000,5100
480000.0,5,2.0,1760,21562,1.0,0,1,3,8,1560,200,1959,0,98028,47.7597,-122.263,2150,12676
819995.0,5,2.75,3030,10335,2.0,0,0,3,9,3030,0,2013,0,98056,47.5305,-122.184,2720,11213
557865.0,4,2.5,3030,6813,2.0,0,0,3,9,3030,0,1987,0,98074,47.6296,-122.029,2310,8682
725000.0,4,3.0,2420,12000,1.0,0,0,3,9,2420,0,1984,0,98077,47.7267,-122.063,3100,13020
499000.0,3,2.5,1610,1728,3.0,0,0,3,8,1610,0,2000,0,98115,47.6776,-122.318,1540,3090
210000.0,3,2.0,1440,7210,1.0,0,0,3,8,1440,0,1983,0,98092,47.3128,-122.184,1700,7245
380000.0,3,2.0,1470,1656,2.0,0,0,3,8,1310,160,2003,0,98126,47.5653,-122.369,1470,2288
740000.0,3,2.0,2100,72745,1.0,0,0,4,9,2100,0,1995,0,98077,47.7479,-122.062,2290,54885
328500.0,3,2.5,1950,8130,2.0,0,0,4,9,1950,0,1990,0,98042,47.3875,-122.161,2350,7691
540000.0,3,1.5,2600,5085,1.0,0,0,4,7,1400,1200,1940,0,98126,47.5659,-122.376,1320,4000
225000.0,3,1.0,1290,8470,1.0,0,0,4,7,970,320,1966,0,98023,47.3054,-122.371,1300,7350
305000.0,3,2.0,1430,12430,1.0,0,0,4,7,1430,0,1957,0,98056,47.4903,-122.178,1200,8250
359500.0,4,2.75,2140,10316,2.0,0,0,3,8,2140,0,1993,0,98001,47.3537,-122.274,1920,11337
475000.0,2,1.75,1710,8645,1.0,0,0,4,7,1510,200,1923,0,98115,47.7005,-122.313,1280,5366
830000.0,4,2.25,3010,12202,1.0,0,0,4,9,3010,0,1959,0,98005,47.6387,-122.174,2480,10143
785000.0,4,1.5,2220,4000,1.5,0,0,3,8,1970,250,1925,0,98105,47.6564,-122.325,1984,4000
645000.0,3,2.5,2930,19900,1.5,0,0,3,9,2930,0,1983,0,98077,47.7234,-122.066,3160,20492
445000.0,4,1.75,2100,4400,1.5,0,0,5,7,1720,380,1924,0,98118,47.5299,-122.266,1850,4400
536500.0,4,2.5,1720,3515,2.0,0,2,3,8,1470,250,2000,0,98144,47.591,-122.293,1140,2208
290000.0,2,1.5,1020,1275,3.0,0,0,3,8,1020,0,2008,0,98103,47.7003,-122.346,980,1415
630000.0,4,2.75,2710,37277,2.0,0,0,3,9,2710,0,2000,0,98027,47.4634,-121.987,2390,39299
845000.0,4,3.25,2880,35315,1.0,0,0,3,11,2270,610,1982,0,98005,47.6587,-122.163,1910,167378
1349000.0,4,3.5,4740,8611,2.0,0,3,3,11,3640,1100,2006,0,98027,47.5375,-122.07,4042,8321
740000.0,3,1.0,1230,6380,1.5,0,0,3,7,1230,0,1927,0,98115,47.6947,-122.315,1250,6380
250000.0,3,1.0,920,4429,1.0,0,0,3,7,920,0,1952,0,98118,47.5369,-122.291,1320,7860
280000.0,3,2.25,1430,7222,2.0,0,0,3,7,1430,0,1993,0,98056,47.5112,-122.19,1430,7220
351000.0,1,0.75,930,6600,1.0,0,0,3,6,930,0,1924,0,98125,47.7127,-122.296,1590,6600
545000.0,4,2.5,2080,8504,2.0,0,0,3,8,2080,0,1991,0,98029,47.5703,-121.998,2000,6773
253000.0,3,2.25,1440,9806,1.0,0,0,3,7,1440,0,1965,0,98030,47.3857,-122.212,1590,9782
312000.0,3,2.0,2440,13250,1.0,0,0,4,8,1440,1000,1977,0,98030,47.375,-122.227,2400,10650
464000.0,5,2.0,2000,3000,1.5,0,0,3,6,1200,800,1931,0,98122,47.6028,-122.298,1330,4000
319900.0,3,1.5,1140,20383,1.0,0,0,3,7,840,300,1985,0,98045,47.4755,-121.758,1200,15625
455000.0,4,2.25,1740,8449,1.0,0,0,4,7,1170,570,1958,0,98008,47.6079,-122.123,1980,11175
627250.0,4,2.5,2830,10677,2.0,0,0,3,9,2830,0,1993,0,98011,47.742,-122.208,2970,9619
272000.0,4,2.0,1870,6551,1.0,0,3,3,7,1870,0,2009,0,98022,47.1934,-121.977,2280,5331
406100.0,3,2.25,1410,1332,3.0,0,0,3,8,1410,0,2005,0,98103,47.6916,-122.34,1430,1448
285000.0,3,1.0,1120,10701,1.0,0,0,3,7,1120,0,1954,0,98106,47.5544,-122.358,1130,6350
312000.0,4,1.0,1190,7620,1.5,0,0,3,6,1190,0,1926,0,98106,47.5281,-122.348,1060,7320
452000.0,3,1.75,1880,16239,1.0,0,0,3,7,880,1000,1922,0,98115,47.7004,-122.304,1260,7528
630000.0,4,2.5,2330,31705,2.0,0,0,4,8,2330,0,1980,0,98052,47.6471,-122.03,2460,36600
469000.0,3,3.25,1390,1278,2.0,0,0,3,8,1140,250,2005,0,98107,47.6735,-122.375,1390,1256
263950.0,3,1.75,1700,11613,1.0,0,0,5,7,1180,520,1977,0,98092,47.2874,-122.187,1500,12377
505000.0,3,2.25,1670,1596,2.0,0,0,3,8,1220,450,2002,0,98199,47.6474,-122.396,1670,1596
379000.0,4,2.75,2410,5225,2.0,0,0,3,8,2410,0,2001,0,98058,47.4244,-122.151,2300,5378
475000.0,4,2.5,2120,57050,2.0,0,0,3,9,2120,0,1989,0,98072,47.7611,-122.128,3320,39082
250000.0,4,3.0,1800,2500,2.0,0,0,3,7,1800,0,2000,0,98108,47.5333,-122.294,1830,6900
315000.0,3,1.0,1390,8333,1.0,0,0,3,7,1390,0,1982,0,98155,47.7652,-122.31,1320,7090
465000.0,3,1.5,1270,5112,1.0,0,0,3,7,1270,0,1950,0,98115,47.676,-122.288,1580,5080
1220000.0,3,2.25,2640,7544,1.0,0,0,3,10,2640,0,1995,0,98004,47.6224,-122.195,2650,7904
367950.0,4,2.5,3030,9500,2.0,0,0,3,8,3030,0,1989,0,98001,47.3511,-122.287,2650,9500
435000.0,3,1.5,1740,6988,1.0,0,0,3,7,1600,140,1950,0,98133,47.7211,-122.33,1650,7500
413800.0,3,2.0,1440,4421,1.0,0,0,3,8,1440,0,2007,0,98053,47.7188,-122.024,1440,4157
417200.0,2,1.0,1000,4000,1.0,0,0,3,6,1000,0,1910,0,98107,47.6742,-122.396,1490,5000
1650000.0,4,3.0,3900,9750,1.0,0,4,5,10,2520,1380,1972,0,98006,47.5605,-122.158,3410,9450
565000.0,3,2.5,1880,12368,1.0,0,0,4,7,1260,620,1967,0,98005,47.5901,-122.167,1950,11551
548500.0,4,2.0,1820,7200,1.0,0,0,3,7,1300,520,1976,0,98136,47.5161,-122.388,1770,8149
653000.0,4,2.5,2160,7000,2.0,0,0,4,9,2160,0,1989,0,98029,47.5659,-122.013,2300,7440
1100000.0,4,3.5,2210,7597,1.0,0,0,4,9,1550,660,1977,2006,98004,47.5816,-122.197,2370,8811
277000.0,2,1.0,770,8149,1.0,0,0,3,6,770,0,1948,0,98155,47.7458,-122.298,1160,8149
1325000.0,3,3.75,6400,76665,1.0,0,2,4,10,3810,2590,1966,0,98177,47.7313,-122.37,3430,60548
195000.0,2,2.0,1180,2553,2.0,0,0,3,6,1180,0,2005,0,98038,47.3501,-122.02,1310,2687
243400.0,4,1.5,1730,7464,2.0,0,0,4,7,1730,0,1959,0,98032,47.3782,-122.304,1370,7860
865000.0,3,1.5,1790,7526,1.0,0,0,3,7,1790,0,1953,2014,98004,47.6387,-122.207,2080,10943
515000.0,3,2.5,3430,48993,2.0,0,0,3,9,3430,0,2001,0,98001,47.2609,-122.27,2460,36256
425000.0,3,1.75,1380,8182,1.0,0,0,5,7,1380,0,1942,0,98133,47.7513,-122.349,1300,8188
405000.0,3,1.0,1330,15678,1.0,0,0,3,7,900,430,1984,0,98074,47.6355,-122.037,1330,12696
276900.0,2,1.0,1350,10096,1.0,0,2,4,7,1350,0,1952,0,98045,47.4967,-121.778,1280,10095
196000.0,3,1.0,1090,7400,1.0,0,0,4,7,1090,0,1962,0,98092,47.2923,-122.19,1140,8165
348000.0,3,1.5,1330,6768,1.0,0,0,4,7,1330,0,1952,0,98155,47.7366,-122.319,1320,6910
302282.0,2,1.0,1095,5120,1.5,0,0,3,7,1095,0,1901,0,98122,47.6058,-122.313,1310,5120
734500.0,4,2.75,3280,6845,2.0,0,0,3,10,3280,0,2003,0,98052,47.7042,-122.107,3280,7467
360000.0,3,2.75,2030,6840,1.0,0,0,3,7,1210,820,1979,0,98108,47.5413,-122.299,1910,6365
130000.0,2,1.0,780,5300,1.0,0,0,3,6,780,0,1941,0,98146,47.513,-122.354,780,5300
327000.0,4,1.0,1900,9000,1.0,0,0,4,7,1290,610,1948,0,98166,47.4629,-122.361,1950,10800
308000.0,3,2.5,1250,1150,2.0,0,0,3,8,1080,170,2009,0,98106,47.5582,-122.363,1250,1150
510000.0,1,1.0,680,6600,1.0,0,0,3,5,480,200,1916,0,98199,47.6567,-122.392,1170,5500
1110000.0,4,3.25,3520,19354,1.0,0,2,4,9,2010,1510,1978,0,98006,47.5572,-122.147,2630,19354
251000.0,3,1.75,1350,10125,1.0,0,0,3,8,1350,0,1967,0,98003,47.3334,-122.298,1520,9720
525000.0,4,2.75,2470,7200,1.0,0,0,5,7,1350,1120,1940,0,98108,47.5631,-122.317,1500,6000
365000.0,3,1.75,2080,7800,1.0,0,0,5,7,1220,860,1955,0,98166,47.4536,-122.355,1770,7860
483945.0,2,1.75,1480,5120,1.0,0,0,4,6,840,640,1951,0,98116,47.558,-122.392,1090,5120
489000.0,2,2.75,1465,972,2.0,0,0,3,7,1050,415,2006,0,98112,47.621,-122.298,1480,1430
301000.0,3,1.5,1030,8414,1.0,0,0,4,7,1030,0,1967,0,98155,47.7654,-122.297,1750,8414
270000.0,3,1.75,1390,10905,1.0,0,0,3,6,860,530,1957,0,98106,47.5517,-122.36,1390,10839
419000.0,3,1.5,1570,6700,1.0,0,0,4,7,1570,0,1956,0,98007,47.6022,-122.134,1570,7300
287000.0,3,2.5,1820,8722,1.5,0,0,3,7,1820,0,1926,2008,98022,47.2137,-121.989,1480,12285
409000.0,2,2.25,1640,2128,2.0,0,0,4,8,1640,0,1974,0,98028,47.753,-122.252,1640,2128
899000.0,4,2.5,3540,9349,2.0,0,0,3,10,3540,0,2003,0,98052,47.7046,-122.107,3280,7546
805000.0,4,2.0,1890,4500,1.5,0,0,3,7,1490,400,1907,1993,98103,47.6684,-122.356,1640,4010
476900.0,3,1.0,1240,5758,1.5,0,0,4,6,960,280,1910,0,98116,47.5675,-122.396,1460,5750
654000.0,3,2.5,2570,5500,1.0,0,0,4,7,1320,1250,1961,0,98199,47.6417,-122.397,1460,6250
140000.0,3,1.0,1090,10114,1.0,0,0,4,7,1090,0,1955,0,98002,47.2975,-122.223,1380,7800
613000.0,3,1.5,1470,4480,1.0,0,0,4,7,1130,340,1918,0,98105,47.6693,-122.291,2120,4480
180000.0,3,1.0,1090,6771,1.5,0,0,3,7,1090,0,1929,0,98106,47.5177,-122.353,1230,4662
260000.0,3,2.0,1030,7260,1.0,0,0,3,6,1030,0,1947,0,98146,47.5113,-122.347,1380,8100
239300.0,3,1.0,1070,5750,1.0,0,0,3,7,1070,0,1952,0,98178,47.5071,-122.255,1420,6500
357000.0,5,2.5,2750,12350,2.0,0,0,3,8,2750,0,1987,0,98031,47.419,-122.206,1650,9810
330000.0,3,2.5,1450,5008,1.0,0,0,3,7,840,610,2007,0,98106,47.5435,-122.357,2120,5019
529950.0,3,2.0,1540,8400,1.0,0,0,3,7,1180,360,1968,0,98052,47.6554,-122.129,1550,8760
571000.0,4,1.0,1350,4000,1.5,0,0,3,8,1350,0,1930,0,98117,47.6885,-122.386,1520,4000
369000.0,3,2.0,1340,1480,3.0,0,0,3,8,1340,0,1997,0,98117,47.6904,-122.393,1340,1321
355000.0,4,2.5,2040,8265,2.0,0,0,3,7,2040,0,1996,0,98146,47.4973,-122.341,2160,8265
850000.0,3,2.5,3230,5000,2.0,0,2,5,8,2430,800,1945,0,98117,47.7011,-122.389,1820,5000
656500.0,4,2.0,2710,4750,1.0,0,0,4,7,1460,1250,1919,0,98115,47.6756,-122.305,1700,3800
670000.0,5,2.75,2900,5155,2.0,0,0,3,8,2900,0,2008,0,98075,47.5977,-122.008,2900,6176
350000.0,3,1.0,950,9451,1.0,0,0,4,7,950,0,1977,0,98034,47.7308,-122.19,1480,8352
530000.0,4,2.75,2740,7872,2.0,0,0,3,10,2740,0,2015,0,98056,47.4954,-122.172,1220,6300
567500.0,3,1.0,1440,3060,1.5,0,0,4,7,1440,0,1910,0,98115,47.6769,-122.307,1440,3570
639500.0,3,1.75,2010,8072,1.0,0,0,4,8,2010,0,1974,0,98052,47.6327,-122.097,2030,8055
290000.0,4,2.25,1900,10950,1.0,0,0,4,7,1400,500,1959,0,98032,47.3582,-122.284,1700,11850
708000.0,2,1.0,1120,5250,1.0,0,0,3,7,950,170,1938,0,98199,47.6496,-122.392,1510,5250
425000.0,4,2.5,2270,4400,2.0,0,0,3,7,2270,0,2006,0,98065,47.5381,-121.888,2090,4400
420000.0,2,2.5,1480,1369,3.0,0,0,3,7,1480,0,2009,0,98052,47.676,-122.121,1390,1337
395000.0,4,1.0,1980,10350,1.0,0,0,4,7,1430,550,1968,0,98027,47.5226,-122.045,1890,13140
205000.0,3,1.0,1130,7014,1.0,0,0,3,7,1130,0,1954,0,98168,47.4743,-122.274,1440,9350
236000.0,3,1.75,1090,7647,1.0,0,0,3,7,1090,0,1994,0,98003,47.2613,-122.302,1660,9219
1288000.0,3,2.5,3240,12625,2.0,0,0,3,11,3240,0,1987,0,98040,47.5327,-122.232,3470,12331
267300.0,3,1.75,1890,93218,1.0,0,0,4,7,1890,0,1964,0,98092,47.2568,-122.07,1690,172062
799950.0,6,2.75,3040,36721,1.0,0,3,4,9,1760,1280,1958,0,98166,47.4488,-122.356,2420,21075
317000.0,3,1.0,1270,8925,1.0,0,0,5,7,1270,0,1955,0,98056,47.5124,-122.165,1270,8996
234000.0,4,2.5,1820,8217,1.0,0,0,3,7,1120,700,1987,0,98001,47.263,-122.242,1310,8217
899000.0,4,2.5,3720,30649,2.0,0,0,3,10,3720,0,1988,0,98053,47.6651,-122.056,3220,29434
410000.0,2,2.0,1350,3926,1.0,0,0,3,8,1350,0,2007,0,98053,47.7192,-122.024,1440,3926
284000.0,3,2.25,2080,2050,1.5,0,0,3,7,1550,530,2003,0,98042,47.4199,-122.157,2080,2275
205000.0,4,2.5,1767,4500,2.0,0,0,3,8,1767,0,2006,0,98001,47.2607,-122.25,1949,4636
780000.0,3,3.5,3190,6776,2.0,0,0,3,10,3190,0,1998,0,98074,47.6348,-122.064,3230,7189
299000.0,3,1.75,1730,14270,1.0,0,0,3,7,1730,0,1959,0,98065,47.5318,-121.833,1600,11232
329500.0,5,1.75,3290,8000,1.0,0,0,3,7,1790,1500,1968,0,98030,47.3733,-122.214,2380,7000
750000.0,5,3.5,2990,212137,2.0,0,0,3,8,2450,540,1994,0,98024,47.5298,-121.887,1060,69260
325000.0,4,2.5,2090,7434,1.0,0,0,3,7,1090,1000,1993,0,98146,47.4962,-122.349,1260,8404
355000.0,4,1.0,1440,7215,1.5,0,0,3,7,1440,0,1969,0,98034,47.7133,-122.212,1150,7215
235000.0,3,1.0,960,5030,1.0,0,0,3,7,960,0,1955,0,98118,47.5611,-122.28,1460,5400
1705000.0,5,3.0,4290,17100,1.0,0,3,3,9,2480,1810,1972,2007,98040,47.5473,-122.211,3550,16988
275000.0,4,1.0,1080,26114,1.5,0,0,5,5,1080,0,1900,0,98030,47.3834,-122.215,1720,20360
568000.0,3,2.5,1740,1308,3.0,0,0,3,8,1740,0,2008,0,98116,47.5892,-122.387,1740,1280
659000.0,3,2.5,3090,384634,2.0,0,0,3,8,3090,0,2007,0,98019,47.7072,-121.927,2200,292645
550000.0,4,2.5,1670,5116,2.0,0,0,3,8,1670,0,1999,0,98155,47.7667,-122.33,1910,7210
497000.0,3,2.25,1460,1353,2.0,0,0,3,8,1050,410,2012,0,98116,47.5774,-122.412,1690,3776
470000.0,5,3.25,3910,7077,2.0,0,0,3,9,2710,1200,2000,0,98038,47.3766,-122.027,2650,7077
330000.0,3,2.5,2370,9102,2.0,0,0,3,9,2370,0,1990,0,98023,47.3067,-122.394,2530,9883
291000.0,4,2.5,1580,6633,2.0,0,0,4,7,1580,0,1984,0,98042,47.3768,-122.118,1590,6633
3300000.0,5,6.25,8020,21738,2.0,0,0,3,11,8020,0,2001,0,98006,47.5675,-122.189,4160,18969
622000.0,4,1.75,3020,10714,1.0,0,0,5,8,1510,1510,1958,0,98006,47.56,-122.181,2230,14400
551000.0,2,2.0,2260,9604,1.0,0,0,3,9,2260,0,1990,0,98011,47.7718,-122.208,2260,10747
674950.0,3,2.75,3510,92347,2.0,0,0,3,10,3510,0,1990,0,98038,47.3735,-122.018,2970,37070
1245000.0,3,3.0,4610,8400,2.0,0,2,3,8,2790,1820,1947,1999,98144,47.5854,-122.292,2160,5000
329800.0,4,2.5,2080,7047,2.0,0,0,3,8,2080,0,1996,0,98092,47.2627,-122.215,2580,7227
415000.0,3,1.5,1860,9003,1.0,0,0,3,7,1490,370,1955,0,98028,47.7624,-122.26,2090,11574
247200.0,3,1.0,1590,11200,1.0,0,0,4,7,1590,0,1961,0,98092,47.2894,-122.188,1560,9750
680000.0,4,2.75,3620,35429,2.0,0,0,3,10,3620,0,2006,0,98058,47.4238,-122.098,3310,54193
339950.0,4,2.5,2150,4000,2.0,0,0,3,7,2150,0,2010,0,98038,47.3655,-122.018,1610,4000
403000.0,2,1.0,894,1552,2.0,0,0,3,7,894,0,2011,0,98115,47.6911,-122.313,1131,1992
295000.0,4,2.0,1650,7200,1.0,0,0,3,7,1650,0,1964,0,98133,47.7543,-122.344,1410,7200
340000.0,3,1.75,1270,8422,1.0,0,0,3,7,1270,0,1967,0,98011,47.7601,-122.197,1470,8500
260000.0,3,2.5,1440,2500,2.0,0,0,3,7,1440,0,2006,0,98146,47.511,-122.359,1440,5000
225000.0,4,1.75,1420,10300,2.0,0,0,3,7,1420,0,1950,2001,98002,47.3121,-122.215,1420,10300
744000.0,3,2.5,2670,12187,2.0,0,0,3,8,2670,0,1986,0,98052,47.6677,-122.15,2400,8999
649950.0,6,2.0,1900,8240,1.0,0,0,2,7,1200,700,1964,0,98125,47.7037,-122.296,1900,8240
320000.0,4,1.75,1710,10480,1.5,0,0,4,6,1710,0,1969,0,98059,47.4743,-122.143,1750,10480
654000.0,3,3.25,1530,1565,2.0,0,0,3,8,1280,250,2005,0,98122,47.6179,-122.312,1530,1381
560000.0,4,2.5,2480,16360,1.0,0,0,5,7,1510,970,1959,0,98028,47.7638,-122.265,1770,15205
802945.0,5,3.5,4000,9234,2.0,0,0,3,9,4000,0,2015,0,98024,47.5265,-121.887,3690,6600
570000.0,6,3.75,4000,6015,2.0,0,2,3,10,3080,920,2004,0,98058,47.453,-122.118,3180,5700
305000.0,4,1.75,2251,12731,1.0,0,1,4,8,1390,861,1957,0,98003,47.3369,-122.32,2520,12539
649000.0,2,1.0,1280,4840,1.0,0,0,3,7,1200,80,1908,0,98115,47.6762,-122.299,1860,5500
500000.0,2,1.0,1510,4000,1.0,0,0,3,6,930,580,1924,0,98117,47.6917,-122.38,1300,4000
635000.0,3,2.5,3610,26359,1.0,0,0,3,8,1950,1660,1998,0,98053,47.6306,-121.968,2620,26427
205000.0,2,1.0,900,4397,1.0,0,0,3,6,900,0,1918,0,98055,47.4851,-122.205,1430,4500
165000.0,3,1.0,970,7503,1.0,0,0,4,6,970,0,1967,0,98058,47.4688,-122.163,1230,9504
299999.0,4,2.5,1981,4828,2.0,0,0,3,8,1981,0,2013,0,98092,47.3252,-122.167,1981,3783
495000.0,4,2.25,2070,20280,2.0,0,0,4,7,2070,0,1968,0,98072,47.774,-122.134,2190,21560
920000.0,4,2.75,2880,5750,1.5,0,0,5,9,1710,1170,1928,0,98116,47.5874,-122.387,1640,5750
369000.0,4,2.5,2370,6557,2.0,0,0,3,9,2370,0,1998,0,98042,47.423,-122.155,2370,7378
265000.0,3,2.25,1750,9298,1.0,0,0,4,7,1410,340,1969,0,98058,47.4579,-122.164,1720,7875
485000.0,5,1.5,1420,9900,1.0,0,0,3,7,1050,370,1964,0,98008,47.6348,-122.118,1580,8075
410000.0,2,1.5,1660,4000,1.0,0,0,3,7,1000,660,1950,0,98115,47.6832,-122.304,1570,5500
277284.0,3,1.75,1030,4800,1.0,0,0,3,6,930,100,1927,0,98126,47.566,-122.373,1540,4800
2575000.0,5,3.0,4780,20440,1.0,0,0,4,10,3660,1120,1975,0,98039,47.6242,-122.239,4660,20440
449500.0,6,4.0,2280,5275,1.0,0,0,3,7,1270,1010,1998,0,98108,47.5556,-122.294,1760,6642
520000.0,4,2.25,1890,3006,2.0,0,0,3,7,1890,0,2003,0,98029,47.5461,-121.998,1580,3000
625000.0,3,2.5,2010,3200,2.0,0,0,3,9,2010,0,2009,0,98027,47.5463,-122.015,2250,3200
415885.0,3,1.0,1310,4163,1.0,0,0,4,7,1310,0,1964,0,98126,47.5301,-122.381,1120,4166
160000.0,4,1.0,1520,7298,1.5,0,0,3,7,1520,0,1960,0,98198,47.3706,-122.31,1520,7298
189000.0,3,1.0,1010,7560,1.0,0,0,3,6,1010,0,1958,0,98058,47.4497,-122.176,1170,7560
513000.0,2,1.0,1840,4322,1.0,0,0,4,7,1160,680,1914,0,98144,47.5764,-122.289,1750,4322
590000.0,4,1.5,2230,5109,1.5,0,0,3,7,1330,900,1918,0,98115,47.6996,-122.31,1630,5109
462500.0,3,2.25,2350,51400,1.0,0,0,3,7,1390,960,1977,0,98077,47.7417,-122.053,2350,51400
425000.0,5,2.0,2500,7804,1.5,0,0,3,7,1570,930,1921,0,98146,47.5031,-122.348,1170,7676
290000.0,4,2.0,1560,8800,2.0,0,0,5,6,1560,0,1942,1967,98168,47.4927,-122.312,1480,10000
820000.0,3,2.5,2510,5503,2.0,0,2,3,9,2510,0,1995,0,98136,47.5419,-122.383,1790,6099
2385000.0,4,4.0,6330,13296,2.0,0,2,3,13,4900,1430,2000,0,98033,47.6488,-122.201,2200,9196
293000.0,4,2.5,2019,4435,2.0,0,3,3,8,2019,0,2008,0,98022,47.1958,-121.974,1950,4800
350000.0,3,1.75,1680,250470,1.0,0,0,4,7,1070,610,1940,0,98019,47.7624,-121.93,1680,360000
1245000.0,6,3.25,3750,14150,2.0,0,2,5,9,2750,1000,1936,1968,98117,47.6999,-122.393,2140,7968
485000.0,4,1.75,1430,4096,2.0,0,0,3,7,1430,0,1900,0,98122,47.604,-122.306,1640,3377
349900.0,4,2.5,2052,3723,2.0,0,0,3,8,2052,0,2014,0,98003,47.2824,-122.295,2052,5250
379900.0,2,1.5,1240,1331,2.0,0,0,3,7,1050,190,2007,0,98144,47.5959,-122.298,1250,1431
313300.0,2,1.0,970,4800,1.0,0,0,3,6,970,0,1911,1940,98116,47.5754,-122.414,1180,5900
750000.0,4,2.75,2810,5497,2.0,0,0,3,9,2810,0,2011,0,98052,47.7081,-122.116,2990,5842
725000.0,4,1.75,2700,6000,1.0,0,0,4,8,1450,1250,1953,0,98199,47.6539,-122.395,2080,6000
835100.0,4,2.5,2380,12573,1.0,0,0,4,9,2380,0,1963,0,98005,47.5984,-122.176,2900,10700
1100000.0,5,2.75,2890,22547,1.0,0,0,4,10,2150,740,1963,0,98040,47.5476,-122.219,3010,17809
440000.0,3,1.5,2260,5300,1.0,0,0,3,7,1200,1060,1940,0,98103,47.6756,-122.348,1950,5000
535000.0,4,2.25,1890,3615,2.0,0,0,3,7,1890,0,2005,0,98029,47.5493,-121.999,1630,3280
632500.0,4,2.5,2090,10306,2.0,0,0,3,10,2090,0,1986,0,98074,47.6304,-122.051,2660,11481
535000.0,4,2.5,2360,15008,1.0,0,0,3,9,1920,440,1986,0,98028,47.7363,-122.254,2680,15344
589000.0,4,2.5,2910,5776,2.0,0,2,3,8,2910,0,1998,0,98065,47.5388,-121.87,2550,6750
770000.0,7,2.25,3260,8145,2.0,0,0,5,8,3260,0,1967,0,98008,47.6336,-122.115,2340,8145
1099500.0,4,2.0,2580,6000,1.0,0,0,5,9,1300,1280,1950,0,98199,47.6514,-122.413,2300,6200
345000.0,4,1.5,1540,7168,1.0,0,0,3,7,1160,380,1964,0,98055,47.455,-122.198,1540,7176
336000.0,3,2.5,2110,4549,2.0,0,0,4,8,2110,0,1989,0,98042,47.3885,-122.154,2110,4030
772000.0,3,2.25,1640,1204,3.0,0,0,3,8,1640,0,2014,0,98112,47.6196,-122.297,1630,3136
925000.0,3,1.0,1630,3200,1.5,0,0,4,8,1630,0,1912,0,98109,47.6351,-122.352,1710,3600
725000.0,3,3.5,3690,8837,2.0,0,0,3,10,3690,0,2001,0,98065,47.5402,-121.876,3690,9585
550000.0,2,1.0,1270,43560,1.0,0,0,4,5,1270,0,1908,0,98042,47.3651,-122.165,1870,6960
128000.0,2,1.0,980,5393,1.0,0,0,3,6,980,0,1969,0,98042,47.3674,-122.081,980,5200
500000.0,4,3.0,2450,4668,2.0,0,0,3,8,2450,0,2004,0,98028,47.7721,-122.235,2460,4895
640000.0,3,3.5,1740,1975,2.0,0,3,3,8,1310,430,1998,0,98122,47.6085,-122.311,1740,1975
369950.0,3,2.0,1270,1320,3.0,0,0,3,8,1270,0,2006,0,98103,47.6937,-122.342,1370,1320
189950.0,2,1.0,1030,4188,1.0,0,0,3,8,1030,0,1981,0,98038,47.3738,-122.057,1450,3376
695000.0,5,2.0,3160,3990,1.5,0,0,3,7,1870,1290,1923,0,98103,47.654,-122.337,1780,4240
950000.0,3,2.5,2700,6947,2.0,0,3,3,9,2700,0,2013,0,98056,47.5172,-122.208,2500,6947
272000.0,3,2.5,1650,13816,2.0,0,0,3,7,1650,0,1998,0,98014,47.6553,-121.912,1650,15144
482500.0,3,2.25,1450,1445,2.0,0,0,3,7,980,470,2005,0,98122,47.6184,-122.301,1510,1370
281700.0,3,1.0,1570,8316,1.0,0,0,3,7,1070,500,1962,0,98031,47.3943,-122.198,2030,8295
1042030.0,4,5.0,4110,43560,2.0,0,0,4,11,4110,0,1978,0,98005,47.6353,-122.18,3650,43995
339100.0,4,2.5,2350,10655,2.0,0,0,3,8,2350,0,1992,0,98092,47.3284,-122.171,2210,7028
580000.0,2,1.5,1460,5700,1.5,0,0,3,7,1460,0,1912,0,98115,47.6838,-122.312,1780,3800
1610000.0,5,4.5,6085,142725,3.0,0,0,3,11,6085,0,2000,0,98014,47.6085,-121.952,4830,128457
269950.0,3,2.25,1510,6000,1.0,0,0,4,7,1150,360,1993,0,98038,47.3484,-122.036,1510,6000
410000.0,3,1.75,1440,7112,1.0,0,0,3,7,1180,260,1979,0,98034,47.7304,-122.227,1570,9152
270000.0,3,1.0,1010,14510,1.0,0,0,5,7,1010,0,1974,0,98042,47.3437,-122.078,2020,44866
432000.0,3,2.0,1870,7080,1.0,0,0,4,7,1210,660,1969,0,98034,47.7244,-122.179,1620,8000
443500.0,3,2.0,1920,7598,1.0,0,0,4,8,1920,0,1972,0,98177,47.7735,-122.363,2220,7598
925000.0,3,2.75,3640,10300,1.0,0,0,4,9,2060,1580,1979,0,98006,47.5612,-122.146,3110,10625
480500.0,4,2.5,2180,11200,1.0,0,0,4,8,2180,0,1968,0,98072,47.7476,-122.086,1790,11200
533000.0,4,1.0,1550,4750,1.5,0,0,3,7,1550,0,1919,0,98117,47.6824,-122.389,1320,4750
415000.0,2,1.0,1460,4200,1.0,0,0,4,6,880,580,1914,0,98117,47.6774,-122.361,1540,4200
635000.0,4,2.0,2660,8160,1.0,0,0,4,7,1380,1280,1949,0,98177,47.7229,-122.359,1660,8160
1190000.0,3,3.5,3380,3333,3.0,0,0,3,10,2800,580,2008,0,98122,47.6162,-122.288,2790,5000
565000.0,4,2.5,2520,13156,1.0,0,0,3,8,1520,1000,1979,0,98052,47.6558,-122.135,2050,10940
310000.0,3,2.5,1670,5791,2.0,0,0,3,7,1670,0,1995,0,98055,47.4424,-122.188,1610,6034
749950.0,4,3.5,2630,3757,2.0,0,0,3,10,2200,430,2008,0,98027,47.5322,-122.075,2620,2699
750000.0,6,1.75,2750,9563,2.0,0,0,4,8,2750,0,1973,0,98052,47.6368,-122.097,2040,9563
447000.0,3,2.5,1740,3043,2.0,0,0,3,7,1740,0,2012,0,98011,47.744,-122.181,1920,2869
492000.0,3,1.75,2770,39927,1.0,0,0,4,8,1580,1190,1978,0,98027,47.4669,-122.003,2420,36384
561750.0,5,1.75,2040,8996,1.0,0,2,4,7,1020,1020,1962,0,98008,47.588,-122.118,1950,8270
492000.0,4,2.5,3305,16164,1.5,0,0,5,7,2245,1060,1922,1956,98133,47.7563,-122.338,1620,8883
614285.0,5,2.75,2730,6401,2.0,0,0,3,8,2730,0,2015,0,98072,47.7685,-122.16,2520,6126
689800.0,3,2.75,2390,9313,1.0,0,0,5,8,1390,1000,1942,0,98133,47.7209,-122.331,2390,12712
1346400.0,5,1.75,3380,20021,1.0,0,0,4,8,1690,1690,1963,0,98004,47.6395,-122.211,3260,19809
527000.0,4,2.25,2380,5250,1.0,0,0,4,7,1410,970,1961,0,98008,47.6164,-122.115,2150,8560
770000.0,3,2.5,2900,23550,1.0,0,0,3,10,1490,1410,1987,0,98006,47.5708,-122.153,2900,19604
305000.0,4,2.25,2580,8820,1.0,0,0,4,9,1620,960,1967,0,98023,47.3122,-122.376,2140,8400
275000.0,3,1.5,1320,7695,1.0,0,0,4,7,1320,0,1959,0,98056,47.4908,-122.181,1370,8295
830000.0,4,3.0,2020,6000,1.0,0,0,3,8,1220,800,1968,2015,98199,47.6563,-122.401,1400,6000
452000.0,6,2.25,2660,13579,2.0,0,0,3,7,2660,0,1937,1990,98125,47.7142,-122.286,1120,8242
335000.0,3,2.0,1340,1951,1.0,0,0,3,6,670,670,1915,0,98144,47.5763,-122.309,1520,2248
239900.0,4,1.75,1570,18730,1.0,0,0,3,7,1200,370,1960,0,98198,47.3999,-122.301,1920,18295
660000.0,3,2.25,2675,40910,2.0,0,0,3,8,2675,0,1984,0,98075,47.5916,-122.055,2300,39438
405000.0,3,1.75,1520,7252,1.0,0,0,3,7,1140,380,1975,0,98072,47.7358,-122.175,1910,7820
958000.0,4,3.5,1800,6400,2.0,0,2,3,8,1800,0,1984,2011,98112,47.625,-122.3,1700,4736
370000.0,4,2.5,2570,7753,2.0,0,0,3,8,2570,0,1987,0,98058,47.4237,-122.162,2140,7615
405000.0,2,1.5,1170,1274,3.0,0,0,3,8,1170,0,2001,0,98107,47.6719,-122.381,1290,1308
392000.0,4,2.5,2130,4000,2.0,0,0,3,8,2130,0,2014,0,98146,47.5108,-122.362,1830,7217
600000.0,2,2.5,2510,14878,2.0,0,0,3,10,2510,0,1990,0,98011,47.7525,-122.205,3080,13594
550000.0,3,2.25,2120,18255,1.0,0,0,3,8,1590,530,1984,0,98074,47.6279,-122.037,2120,12997
261000.0,4,1.0,1390,17739,1.0,0,0,3,7,1390,0,1958,0,98003,47.3457,-122.302,1230,7840
1965220.0,4,3.5,4370,8510,2.0,0,1,3,10,3610,760,2003,0,98004,47.5876,-122.204,2960,10347
949000.0,4,2.75,2980,42253,1.0,0,0,4,9,1860,1120,1973,0,98005,47.6392,-122.163,2980,42253
500000.0,3,1.75,1540,10800,1.0,0,0,5,6,770,770,1947,0,98040,47.5763,-122.222,2020,10800
205000.0,3,1.0,1010,8800,1.0,0,0,4,7,1010,0,1968,0,98002,47.2761,-122.208,1550,7700
720001.0,3,2.5,1430,2200,1.5,0,0,4,7,1430,0,1910,0,98103,47.6601,-122.331,1740,4275
425000.0,3,2.75,2600,10874,2.0,0,0,3,9,2600,0,1994,0,98042,47.3815,-122.146,2800,11504
230000.0,3,1.0,940,10875,1.0,0,0,3,7,940,0,1957,0,98056,47.5121,-122.168,1250,11200
213000.0,2,1.0,750,6089,1.0,0,2,3,6,750,0,1937,0,98055,47.475,-122.199,1430,6451
380000.0,3,1.5,1430,11173,1.0,0,0,1,7,1430,0,1955,0,98006,47.5734,-122.153,1520,11659
327000.0,5,2.75,2400,8050,2.0,0,0,3,8,2400,0,1998,0,98092,47.2635,-122.209,2400,8050
489000.0,3,3.5,1500,1249,2.0,0,0,3,8,1240,260,2004,0,98107,47.6727,-122.373,1440,1850
994000.0,4,2.5,3470,20445,2.0,0,0,4,10,3470,0,1963,0,98040,47.547,-122.219,3360,21950
270000.0,4,2.0,1830,5220,1.5,0,0,3,7,1830,0,1951,0,98118,47.5331,-122.278,1760,5757
667000.0,3,1.75,3320,478288,1.5,0,3,4,8,2260,1060,1933,1982,98022,47.2407,-121.953,2960,217800
248500.0,2,1.5,880,1498,2.0,0,0,3,7,880,0,1999,0,98133,47.7063,-122.342,880,5060
920000.0,3,3.25,3660,66211,2.0,0,0,3,10,3660,0,2003,0,98038,47.4087,-122.062,3660,107153
220000.0,3,1.0,1050,6300,1.0,0,0,3,6,1050,0,1942,0,98146,47.5128,-122.374,740,6300
565000.0,3,1.75,1130,5111,1.0,0,0,4,7,930,200,1942,0,98199,47.6379,-122.4,1360,4424
435000.0,3,1.0,950,10080,1.0,0,0,4,7,950,0,1954,0,98006,47.572,-122.139,1060,10000
424000.0,4,2.0,2100,4857,2.0,0,0,3,8,2100,0,1965,1984,98155,47.7521,-122.279,1450,5965
438800.0,4,2.5,2770,4432,2.0,0,0,3,9,2770,0,2004,0,98058,47.4541,-122.117,2770,5423
760000.0,4,2.5,3120,8792,2.0,0,0,4,9,3120,0,1992,0,98029,47.5699,-121.993,2150,7688
288790.0,3,1.75,1290,1237,2.0,0,0,3,7,1060,230,2008,0,98027,47.54,-122.026,1370,942
445000.0,3,2.25,1630,6449,1.0,0,0,3,7,1310,320,1986,0,98011,47.7275,-122.232,1620,7429
445000.0,4,2.75,2320,12368,1.0,0,0,3,8,1670,650,1968,0,98133,47.7373,-122.35,2070,9575
891000.0,4,2.0,2330,5000,1.5,0,0,5,7,1720,610,1925,0,98117,47.6804,-122.358,2090,5000
248000.0,2,1.0,770,8600,1.0,0,0,4,4,770,0,1914,0,98027,47.5325,-122.031,1420,6960
417500.0,3,1.0,1160,7491,1.0,0,0,4,6,1160,0,1917,0,98177,47.7024,-122.359,1800,2267
599000.0,4,2.5,2120,3640,2.0,0,0,3,8,2120,0,2005,0,98029,47.5521,-121.996,2190,3640
287000.0,3,1.0,1250,26862,1.0,0,0,3,7,1250,0,1965,0,98058,47.426,-122.154,1530,24463
375900.0,6,1.5,2550,33740,1.0,0,0,4,8,1750,800,1958,0,98023,47.3222,-122.362,2010,28200
706000.0,3,2.75,1900,6400,1.0,0,0,5,7,1410,490,1942,0,98105,47.6697,-122.281,1350,6400
281000.0,4,2.25,1677,3600,2.0,0,0,3,7,1677,0,2012,0,98092,47.32,-122.178,1677,3600
2900000.0,5,4.0,5190,14600,2.0,0,1,3,11,5190,0,2013,0,98039,47.6102,-122.225,3840,19250
758800.0,5,2.25,1750,5000,1.0,0,0,3,8,960,790,1940,0,98105,47.6589,-122.276,2580,5000
499950.0,3,1.5,1360,11250,1.0,0,0,4,7,1360,0,1955,0,98006,47.5697,-122.177,1440,11250
566000.0,3,2.25,1660,10140,1.0,0,0,4,8,1370,290,1980,0,98052,47.6889,-122.128,2100,10125
715000.0,4,2.5,2970,5722,2.0,0,0,3,9,2970,0,2005,0,98074,47.6134,-122.042,3940,4848
485500.0,4,2.5,2320,3974,2.0,0,0,3,7,2320,0,1999,0,98065,47.532,-121.88,2620,4539
379000.0,3,3.25,2660,17852,2.5,0,0,3,8,2660,0,2014,0,98010,47.3077,-122.011,1320,11876
1610000.0,4,3.5,4390,11600,2.0,0,3,3,11,3060,1330,1990,0,98040,47.5862,-122.246,3240,12000
280000.0,3,1.75,1360,6603,1.0,0,0,4,7,1360,0,1981,0,98058,47.4619,-122.168,1770,7107
756000.0,3,2.5,3560,8297,1.0,0,2,4,8,1650,1910,1948,0,98199,47.6473,-122.407,2760,8297
1700000.0,4,3.5,4330,15335,2.0,0,0,4,11,3230,1100,1988,0,98040,47.5315,-122.231,3840,14311
515000.0,5,3.0,2530,5105,1.0,0,0,3,8,1520,1010,2005,0,98133,47.7546,-122.341,2290,4011
232500.0,3,1.5,1940,9887,1.0,0,0,4,7,1140,800,1969,0,98003,47.3289,-122.327,1410,9936
790000.0,5,3.25,3030,20446,2.0,0,2,3,9,2130,900,1976,0,98008,47.6133,-122.106,2890,20908
710000.0,4,2.5,4070,129808,2.0,0,0,3,10,4070,0,1998,0,98038,47.4433,-122.016,4070,102366
264950.0,4,1.75,1770,9011,1.0,0,0,5,7,1050,720,1983,0,98042,47.3646,-122.076,1410,8530
245000.0,3,2.25,1350,6775,1.0,0,0,3,7,930,420,1981,0,98032,47.3593,-122.289,1460,7210
287000.0,3,1.75,1940,9000,1.0,0,0,3,7,1290,650,1965,0,98055,47.4361,-122.189,1900,9120
469000.0,3,3.25,1370,1194,3.0,0,0,3,8,1370,0,2004,0,98107,47.6718,-122.388,1800,2678
404000.0,4,1.75,1840,10720,1.0,0,0,3,7,960,880,1958,0,98008,47.6074,-122.125,1840,9044
585000.0,4,3.0,2110,1286,2.0,0,0,3,9,1710,400,2007,0,98029,47.5444,-122.014,2000,1286
515000.0,4,2.5,2030,39049,1.0,0,0,4,7,1530,500,1953,0,98166,47.4413,-122.345,2400,14605
322000.0,3,2.0,1760,43575,1.0,0,0,3,7,1160,600,1988,0,98010,47.3565,-121.94,1760,46038
335000.0,2,1.0,1800,8900,1.0,0,0,3,6,900,900,1945,0,98168,47.51,-122.323,2040,10450
346150.0,3,2.0,2140,7200,1.0,0,0,4,8,1480,660,1966,0,98056,47.5084,-122.185,2070,7220
294000.0,3,1.0,1250,9427,1.0,0,0,3,6,1250,0,1931,0,98034,47.7254,-122.175,1590,8250
268500.0,4,2.5,2100,4237,2.0,0,0,3,8,2100,0,2006,0,98031,47.3901,-122.174,2100,4575
640000.0,3,1.75,1680,8100,1.0,0,2,3,8,1680,0,1950,0,98177,47.7212,-122.364,1880,7750
289000.0,2,1.0,780,4132,1.0,0,0,3,7,780,0,1942,0,98136,47.5324,-122.387,1100,5100
985000.0,3,1.75,1700,8534,1.0,0,0,4,7,1700,0,1953,0,98004,47.6276,-122.205,2100,10443
515000.0,3,2.5,3020,12184,2.0,0,0,3,8,3020,0,2003,0,98019,47.744,-121.976,2980,10029
950000.0,4,2.25,2620,10920,1.0,0,0,3,9,2620,0,1965,0,98005,47.6117,-122.164,2370,11907
334950.0,3,1.75,1880,16262,1.0,0,0,5,7,1880,0,1980,0,98059,47.5089,-122.155,1900,7972
280000.0,4,3.0,2460,9606,1.0,0,0,3,8,2460,0,2012,0,98168,47.4889,-122.317,1730,7500
461000.0,4,1.0,1260,8505,1.5,0,0,5,7,1260,0,1951,0,98177,47.7181,-122.371,1480,8100
305000.0,3,2.5,2100,6825,2.0,0,0,3,8,2100,0,1994,0,98055,47.4314,-122.189,2180,7614
579000.0,2,1.75,1560,4500,1.0,0,0,3,8,1560,0,2004,0,98053,47.7128,-122.032,1860,4500
297000.0,5,2.5,1970,8605,2.0,0,0,4,7,1970,0,1994,0,98022,47.1944,-122.013,1970,8460
448175.0,2,2.0,1370,1339,2.0,0,0,4,8,1150,220,2006,0,98122,47.6021,-122.295,1370,1339
349000.0,3,1.75,1590,9620,1.0,0,0,3,7,1590,0,1988,0,98059,47.4815,-122.152,2980,9398
564000.0,4,2.5,2870,6658,2.0,0,0,3,8,2870,0,2004,0,98065,47.5394,-121.878,2770,6658
458000.0,3,2.25,2150,9900,1.0,0,0,3,8,1450,700,1977,0,98052,47.6647,-122.149,2170,9500
465000.0,2,2.75,1430,1425,2.0,0,0,3,7,995,435,2006,0,98112,47.621,-122.298,1500,1749
595000.0,2,1.5,1030,4500,1.0,0,0,3,7,830,200,1924,0,98109,47.6455,-122.352,1250,4000
490000.0,3,2.25,1410,7740,1.0,0,0,5,6,1410,0,1923,0,98126,47.523,-122.371,1220,7740
318500.0,4,2.0,1780,7350,1.0,0,0,5,7,900,880,1974,0,98058,47.4562,-122.158,1480,7350
465000.0,4,2.0,1470,10291,1.0,0,0,4,7,1470,0,1963,0,98008,47.6316,-122.121,1460,9601
430000.0,4,2.25,2020,4840,1.5,0,0,5,8,1200,820,1925,0,98126,47.5576,-122.376,1410,4840
527200.0,3,1.75,1460,4000,1.0,0,2,4,7,730,730,1929,0,98144,47.5768,-122.307,1360,4000
452500.0,3,1.75,2040,15695,1.0,0,0,4,8,2040,0,1959,0,98166,47.4155,-122.339,2280,14400
780000.0,3,2.25,2140,3000,2.0,0,0,3,9,2140,0,1905,2006,98103,47.6767,-122.351,1430,4712
245000.0,2,1.5,690,1058,2.0,0,0,3,7,690,0,2005,0,98103,47.6951,-122.343,690,1058
530000.0,4,2.5,3010,9000,2.0,0,0,3,8,3010,0,2008,0,98059,47.4987,-122.147,3250,5531
375000.0,3,1.75,2140,13598,1.5,0,0,4,7,1620,520,1970,0,98014,47.7139,-121.321,930,10150
360000.0,2,1.0,930,6098,1.0,0,0,4,6,930,0,1919,0,98027,47.5289,-122.03,1730,9000
850000.0,2,1.75,1590,5136,1.5,0,3,3,9,1320,270,1927,0,98199,47.6424,-122.411,2520,5243
1325000.0,4,2.25,2870,6280,1.5,0,0,4,9,1980,890,1905,0,98112,47.6329,-122.31,2370,4760
315000.0,1,1.0,700,3876,1.0,0,0,3,6,700,0,1910,0,98103,47.6886,-122.352,1150,3952
340000.0,3,2.25,2630,9916,2.0,0,0,4,9,2630,0,1988,0,98092,47.3314,-122.202,2470,10810
490000.0,2,1.0,1160,5000,1.0,0,0,4,8,1160,0,1937,0,98117,47.6865,-122.399,1750,5000
529999.0,3,2.5,1710,1664,2.0,0,0,5,8,1300,410,2003,0,98199,47.6456,-122.383,1470,5400
862000.0,4,2.5,3190,14565,2.0,0,0,3,11,3190,0,1990,0,98077,47.713,-122.072,3420,20475
323000.0,3,1.75,2100,14850,1.0,0,0,4,7,2100,0,1963,0,98042,47.3622,-122.059,1930,17238
675000.0,4,2.0,1890,5188,1.5,0,0,4,7,1670,220,1940,0,98105,47.6633,-122.287,1800,4848
498000.0,4,2.75,2270,7375,1.0,0,0,4,7,1290,980,1973,0,98034,47.7222,-122.168,1750,7760
402000.0,3,2.5,1520,3425,2.0,0,0,3,7,1520,0,1986,0,98052,47.6801,-122.161,1640,3425
835000.0,3,2.0,1570,4625,1.5,0,0,5,8,1570,0,1927,0,98117,47.68,-122.399,1760,4625
357500.0,3,3.0,1730,1442,2.0,0,0,3,8,1440,290,2008,0,98106,47.5344,-122.348,1370,1524
1960000.0,4,4.0,4430,31353,2.0,0,0,3,12,4430,0,1998,0,98005,47.6422,-122.157,3900,35237
410000.0,4,2.25,2510,4090,2.0,0,0,3,8,1840,670,2012,0,98019,47.7345,-121.967,2070,4090
625000.0,3,2.25,2570,47480,1.0,0,0,3,9,2570,0,1979,0,98053,47.6854,-122.079,2570,106722
771000.0,4,2.0,2220,3760,1.5,0,0,4,7,1370,850,1929,0,98117,47.6876,-122.368,1620,3760
538000.0,2,1.75,1850,3060,1.0,0,0,3,7,1060,790,1929,1992,98115,47.6821,-122.308,1850,4080
850000.0,3,2.75,3180,3680,2.0,0,0,4,9,2190,990,1918,0,98126,47.577,-122.38,2000,3680
350500.0,2,2.5,1770,4950,1.0,0,0,3,7,1770,0,2003,0,98038,47.3497,-122.025,1770,4500
521000.0,4,2.25,1890,8034,1.0,0,0,4,8,1890,0,1967,0,98008,47.6338,-122.117,1920,7210
147200.0,3,1.0,1420,9600,1.0,0,0,4,6,1420,0,1954,0,98188,47.4232,-122.292,1400,8415
402000.0,3,3.5,1240,1666,2.0,0,0,3,7,1000,240,2008,0,98136,47.5496,-122.388,1110,1027
900000.0,3,2.5,3180,12600,2.0,0,0,4,11,3180,0,1978,0,98074,47.6366,-122.058,3030,12835
805000.0,5,2.5,3320,7266,2.0,0,0,3,9,3320,0,2000,0,98075,47.5862,-122.054,3060,10269
335000.0,2,2.0,1420,5185,1.0,0,0,3,7,1420,0,2004,0,98038,47.3543,-122.022,2140,4890
830000.0,5,2.5,2810,14207,1.0,0,3,3,9,1540,1270,1979,0,98008,47.5742,-122.11,3190,14000
265000.0,4,1.0,1860,8505,1.0,0,0,4,7,1860,0,1955,0,98055,47.4406,-122.194,1560,8505
397000.0,2,1.0,1000,7664,1.0,0,2,3,7,1000,0,1939,0,98115,47.7001,-122.311,1570,6350
1800000.0,4,3.5,3480,4000,2.0,0,0,3,9,2460,1020,2015,0,98112,47.6356,-122.281,2620,4000
750000.0,3,2.0,1840,2825,1.0,0,0,3,7,1040,800,1920,0,98112,47.6428,-122.302,1820,3750
431000.0,4,2.5,3040,6000,2.0,0,0,3,9,3040,0,2007,0,98038,47.3473,-122.03,2640,6000
585000.0,4,2.5,2840,11044,2.0,0,0,3,8,2840,0,2001,0,98034,47.7134,-122.237,1934,9605
771000.0,4,2.5,2420,7200,2.0,0,0,3,9,2420,0,1991,0,98033,47.6893,-122.197,2650,7800
459000.0,4,3.0,1900,9077,2.0,0,0,3,7,1900,0,1954,2015,98155,47.7684,-122.304,1900,12868
385000.0,4,2.75,2700,37011,2.0,0,0,3,9,2700,0,1984,0,98042,47.3496,-122.088,2700,37457
575000.0,3,1.75,2010,3800,2.0,0,0,2,7,2010,0,1922,0,98112,47.6408,-122.307,1540,3800
310000.0,2,1.0,1560,4920,1.0,0,0,4,6,780,780,1947,0,98125,47.7248,-122.325,1760,7510
500000.0,3,1.0,1800,7200,1.0,0,0,3,7,1020,780,1964,0,98118,47.5616,-122.275,1740,5475
1029280.0,4,3.25,3600,18645,2.0,0,1,3,10,3000,600,2013,0,98059,47.5294,-122.154,3970,10957
705000.0,5,3.0,2380,5000,2.0,0,0,5,7,2380,0,1909,0,98107,47.6722,-122.389,1800,4650
577500.0,2,2.5,2330,3000,2.0,0,3,3,8,2330,0,1915,1994,98144,47.5953,-122.294,1760,4000
345000.0,4,2.5,2280,5000,2.0,0,0,3,7,2280,0,2006,0,98038,47.3593,-122.037,2910,5000
2175000.0,4,3.0,4750,21701,1.5,0,0,5,11,4750,0,1976,0,98004,47.6454,-122.218,3120,18551
2900000.0,4,3.25,5050,20100,1.5,0,2,3,11,4750,300,1982,2008,98004,47.6312,-122.223,3890,20060
250000.0,3,2.5,1510,10384,1.0,0,0,2,7,1030,480,1976,0,98077,47.758,-122.071,1490,10000
512500.0,4,1.75,1620,4240,1.5,0,0,5,7,1620,0,1916,0,98144,47.5746,-122.311,1450,4240
425000.0,2,2.5,1340,1263,3.0,0,0,3,8,1340,0,2008,0,98117,47.6788,-122.388,1510,1260
339000.0,3,2.0,2350,8459,1.5,0,0,3,9,2350,0,1989,0,98023,47.3043,-122.349,2430,8459
1200690.0,5,3.0,3640,28531,2.0,0,0,3,10,3640,0,1996,0,98006,47.5502,-122.13,3330,17186
423000.0,4,2.0,1970,6480,1.5,0,0,5,7,1130,840,1920,0,98108,47.5511,-122.312,1500,6480
605000.0,2,1.0,910,3600,1.0,0,0,4,7,910,0,1909,0,98119,47.6341,-122.361,1720,3600
312891.0,5,3.0,2300,8214,2.0,0,0,3,8,2300,0,2013,0,98001,47.3052,-122.276,2594,4950
507000.0,3,1.75,2140,40098,1.0,0,0,5,8,1490,650,1950,0,98058,47.4296,-122.111,2220,35371
200000.0,2,1.0,1400,9600,1.5,0,0,4,6,1400,0,1941,0,98022,47.2113,-121.993,1230,9600
2400000.0,4,3.75,4090,24825,2.0,0,0,4,11,3400,690,1926,0,98102,47.6338,-122.319,3910,11500
724950.0,4,3.5,3010,174240,2.0,0,0,3,9,3010,0,2004,0,98045,47.4775,-121.691,2720,247856
765000.0,5,3.0,2870,5700,1.0,0,0,3,7,1950,920,1964,0,98103,47.6621,-122.33,1730,5529
372000.0,3,2.5,1920,15260,2.0,0,0,3,7,1920,0,1990,0,98019,47.7317,-121.964,2370,15235
1990000.0,5,3.0,4480,5000,2.5,0,0,5,12,3420,1060,1902,0,98112,47.6275,-122.315,3220,5600
493000.0,4,2.0,1910,2874,1.0,0,0,3,7,1060,850,1910,0,98122,47.6101,-122.295,1520,2874
690500.0,4,2.75,3130,8920,2.0,0,0,3,8,3130,0,2014,0,98155,47.7397,-122.316,1450,9183
1165000.0,4,3.75,3920,4500,3.0,0,0,3,8,3920,0,2013,0,98103,47.6805,-122.346,2040,3000
217450.0,3,1.0,1040,5000,1.0,0,0,3,7,1040,0,1959,0,98146,47.5122,-122.358,1440,5000
434500.0,3,1.75,1650,7965,1.0,0,0,4,7,1650,0,1967,0,98034,47.7335,-122.193,1560,7350
330000.0,3,1.0,1160,7912,1.0,0,0,4,7,1160,0,1956,0,98125,47.7336,-122.306,1190,7482
510000.0,3,1.75,1370,6700,1.0,0,0,3,8,1370,0,1940,2012,98117,47.6982,-122.362,1180,6694
475000.0,4,2.75,2200,16288,1.0,0,0,3,7,1290,910,1980,0,98059,47.4793,-122.122,2650,6620
772500.0,5,2.75,3890,9130,2.0,0,0,3,9,3890,0,2004,0,98065,47.5407,-121.86,3450,8361
375000.0,4,2.0,2070,9822,1.0,0,0,5,7,2070,0,1955,0,98006,47.566,-122.14,1300,9572
370000.0,4,2.5,2720,8666,2.0,0,0,3,9,2720,0,1992,0,98030,47.3846,-122.169,2410,8100
1000000.0,5,1.0,2010,5210,1.5,0,0,3,9,1890,120,1927,0,98119,47.6501,-122.37,2330,5000
1310000.0,5,3.0,3650,16600,1.0,0,3,4,9,1860,1790,1978,0,98006,47.56,-122.144,3150,10400
907687.0,4,2.5,3560,6786,2.0,0,0,3,9,2930,630,2014,0,98075,47.5756,-122.071,3560,5886
750000.0,2,1.5,1110,3600,1.0,0,0,5,7,1110,0,1904,0,98119,47.6382,-122.359,1670,5400
502500.0,5,2.5,2430,6168,2.0,0,0,3,8,2430,0,2007,0,98056,47.5237,-122.199,2150,8400
330000.0,2,1.0,1160,32251,1.0,0,0,3,6,580,580,1963,2000,98010,47.3537,-121.939,1160,33656
238000.0,2,1.0,750,6480,1.0,0,0,3,6,750,0,1943,0,98106,47.5195,-122.35,1050,6390
605000.0,3,1.75,1930,5400,2.0,0,2,3,9,1930,0,1978,0,98177,47.77,-122.391,2100,6840
960000.0,4,2.25,2410,4560,2.0,0,2,5,9,1800,610,1929,0,98117,47.6796,-122.402,2150,5100
540000.0,5,3.0,3610,9775,2.0,0,0,3,8,3610,0,2003,0,98038,47.3545,-122.011,2800,8582
641000.0,4,2.5,2770,63118,2.0,0,0,3,9,2770,0,1997,0,98014,47.6622,-121.961,2770,44224
290000.0,3,1.0,910,7620,1.0,0,2,3,7,910,0,1971,0,98106,47.5278,-122.343,1660,7620
450000.0,3,1.0,1540,9028,1.0,0,0,4,6,1540,0,1968,0,98033,47.6698,-122.177,1450,9028
255000.0,3,2.5,2555,5720,2.0,0,0,3,8,2555,0,2006,0,98031,47.386,-122.184,2844,5769
325000.0,2,1.75,1670,10725,1.0,0,0,3,7,1670,0,1965,0,98178,47.4893,-122.229,1600,10725
494500.0,4,3.0,3760,8804,2.0,0,0,3,8,2470,1290,2002,0,98056,47.5161,-122.191,1960,7225
530000.0,4,3.0,2290,5105,2.0,0,0,3,8,2290,0,2012,0,98028,47.7727,-122.237,2450,5105
462500.0,4,1.0,1540,4500,1.5,0,0,2,7,1540,0,1905,0,98116,47.587,-122.384,1920,6000
254000.0,3,2.5,1560,10608,2.0,0,0,3,7,1560,0,1994,0,98042,47.3572,-122.161,1360,10608
2321000.0,5,4.75,5780,17004,2.0,0,0,3,11,4260,1520,2006,0,98040,47.5802,-122.212,3460,10855
455000.0,3,1.75,890,3800,1.5,0,0,3,7,750,140,1926,0,98115,47.6803,-122.291,1280,3800
417500.0,5,3.0,2270,6664,1.0,0,0,3,7,1340,930,1995,0,98125,47.7191,-122.315,1870,6187
230000.0,3,1.75,1450,8378,1.0,0,0,4,8,1450,0,1978,0,98023,47.3093,-122.385,1860,8496
135000.0,1,1.0,790,13062,1.0,0,0,3,6,790,0,1942,0,98168,47.4919,-122.311,1240,7137
265000.0,3,2.5,1640,7668,2.0,0,0,3,7,1640,0,1991,0,98038,47.3505,-122.027,1850,7200
517500.0,3,1.75,1810,10625,1.0,0,0,3,8,1370,440,1973,0,98027,47.5322,-122.049,2140,10922
520000.0,2,1.0,910,5000,1.0,0,0,3,7,910,0,1924,0,98107,47.6733,-122.37,1050,5000
344950.0,4,2.0,2330,6250,1.0,0,0,4,7,1400,930,1941,0,98030,47.3782,-122.228,2050,9000
355000.0,2,1.0,1250,4558,1.0,0,0,3,7,1250,0,1948,0,98126,47.5318,-122.379,1180,4494
578000.0,3,1.75,2120,10875,1.0,0,2,3,8,1540,580,1977,0,98146,47.504,-122.382,2460,11760
255000.0,2,2.0,1360,5433,1.0,0,0,3,8,1360,0,1974,2003,98198,47.3804,-122.32,1160,5264
255000.0,3,1.75,1740,8800,1.0,0,0,3,7,1140,600,1978,0,98023,47.2968,-122.372,1690,7920
1100000.0,4,2.75,3410,7750,1.0,0,4,5,8,1710,1700,1958,0,98116,47.5718,-122.406,3080,8525
334000.0,4,2.5,2310,6200,2.0,0,0,3,8,2310,0,1998,0,98092,47.3321,-122.172,2480,6200
800000.0,4,2.5,2900,18303,2.0,0,0,4,10,2900,0,1994,0,98075,47.5981,-122.03,2900,18303
225000.0,3,2.25,1470,6808,1.0,0,0,3,7,1160,310,1984,0,98023,47.2884,-122.365,1570,7881
625000.0,4,3.0,2190,12825,1.0,0,0,3,9,1520,670,1989,0,98034,47.7107,-122.229,3050,4673
651100.0,4,2.5,2310,5526,2.0,0,0,3,9,2310,0,2003,0,98074,47.6299,-122.02,2500,5769
300000.0,2,1.0,760,3001,1.0,0,0,3,6,760,0,1913,0,98144,47.5874,-122.311,1750,5000
415000.0,4,2.25,2520,8000,1.0,0,2,3,8,1680,840,1970,0,98023,47.3202,-122.383,2300,8000
1000000.0,4,2.75,3090,16538,3.0,0,0,4,8,2590,500,1919,1987,98116,47.5803,-122.403,1500,5130
1400000.0,9,4.0,4620,5508,2.5,0,0,3,11,3870,750,1915,0,98105,47.6684,-122.309,2710,4320
330000.0,5,3.0,2100,7715,1.0,0,0,3,7,1250,850,2013,0,98168,47.4866,-122.319,2100,7959
290000.0,2,0.75,440,8313,1.0,1,3,4,5,440,0,1943,0,98070,47.4339,-122.512,880,26289
605000.0,3,2.5,2460,138085,2.0,0,0,4,9,2460,0,1977,0,98027,47.4572,-122.007,2090,219542
805000.0,4,1.75,2360,4750,2.0,0,0,5,7,1660,700,1911,0,98115,47.6729,-122.293,1810,4750
288000.0,3,1.75,1660,10440,1.0,0,0,3,7,1040,620,1978,0,98045,47.4448,-121.77,1240,10380
329000.0,3,2.25,2450,6500,2.0,0,0,4,8,2450,0,1985,0,98030,47.3739,-122.172,2200,6865
612000.0,4,2.5,2680,3626,1.5,0,3,4,7,1680,1000,1928,0,98107,47.6727,-122.361,1950,4500
257500.0,4,1.5,1360,9323,1.0,0,0,4,7,1360,0,1968,0,98023,47.3168,-122.401,1180,9611
269000.0,3,2.0,1210,7136,1.0,0,0,3,7,1210,0,2003,0,98031,47.3996,-122.203,1210,5765
540000.0,3,2.0,1580,1972,2.5,0,2,3,8,1180,400,2007,0,98116,47.5903,-122.386,1500,1908
474000.0,3,1.75,1530,8000,2.0,0,0,3,7,1530,0,1978,0,98052,47.6971,-122.13,1530,7500
1350000.0,4,1.75,2000,3728,1.5,0,0,4,9,1820,180,1926,0,98112,47.643,-122.299,1950,3728
295000.0,3,2.5,1660,4898,2.0,0,0,3,7,1660,0,2011,0,98038,47.3588,-122.044,1810,4462
355000.0,2,1.5,1140,2500,1.0,0,1,3,7,630,510,1988,0,98106,47.5707,-122.359,1500,5000
950000.0,7,3.5,3470,16264,2.0,0,0,4,9,3470,0,1980,0,98007,47.6203,-122.149,3040,13500
569000.0,4,2.25,2250,41688,2.0,0,0,3,8,2250,0,1980,0,98053,47.6695,-122.05,2350,37920
1050000.0,3,2.0,2090,4077,1.5,0,0,4,8,1530,560,1931,0,98112,47.6433,-122.3,2010,4132
859000.0,4,2.25,3550,13900,1.0,0,0,3,8,1830,1720,2010,0,98006,47.5681,-122.127,2770,12200
470500.0,5,2.5,2500,9248,1.0,0,0,3,8,1300,1200,1966,0,98006,47.5415,-122.18,2090,8568
303000.0,3,2.5,2056,3564,2.0,0,0,3,7,2056,0,2014,0,98092,47.338,-122.181,2056,3577
194000.0,3,1.0,1070,6440,1.0,0,0,4,7,1070,0,1971,0,98023,47.3186,-122.373,1190,6532
1350000.0,4,3.5,3600,5217,2.0,0,0,3,9,2720,880,1947,2014,98112,47.6189,-122.286,2270,5217
1149000.0,4,3.75,3180,9889,2.0,0,0,3,9,2500,680,2012,0,98033,47.6853,-122.204,2910,8558
718000.0,5,2.75,2930,7663,2.0,0,0,3,9,2930,0,2013,0,98056,47.5308,-122.184,2750,10335
418000.0,3,2.0,1250,1306,3.0,0,0,3,7,1250,0,2001,0,98107,47.6705,-122.39,1320,1250
405000.0,3,1.75,2390,6000,1.0,0,0,3,6,1240,1150,1908,0,98118,47.5362,-122.268,2020,6000
380000.0,4,1.5,1680,11123,1.0,0,0,3,7,1130,550,1959,0,98177,47.7565,-122.361,1770,10103
335000.0,3,1.75,1270,4800,1.0,0,0,3,7,1270,0,1953,0,98117,47.693,-122.361,1490,4800
799000.0,5,2.75,2500,19783,1.0,0,3,4,8,2500,0,1959,0,98005,47.5938,-122.174,1700,15375
343000.0,3,1.0,1120,7250,1.0,0,0,4,7,1120,0,1972,0,98034,47.7143,-122.211,1340,7302
372000.0,4,2.5,2520,9604,2.0,0,0,3,9,2520,0,1990,0,98031,47.3893,-122.216,2540,9793
285000.0,2,1.5,990,1380,3.0,0,0,3,7,990,0,2001,0,98133,47.7218,-122.356,1050,1380
920000.0,3,3.5,2800,7694,1.0,0,0,3,9,2800,0,2005,0,98053,47.7095,-122.022,2420,7694
618250.0,4,3.25,2520,3360,1.5,0,0,4,8,1550,970,1931,0,98115,47.6801,-122.315,1730,3360
530000.0,3,1.75,1320,2500,1.0,0,0,3,7,870,450,1918,0,98105,47.6681,-122.305,1580,2750
605000.0,2,1.75,1760,5000,1.0,0,0,4,7,940,820,1927,0,98117,47.682,-122.372,1530,5000
425590.0,3,2.75,1940,3088,2.0,0,3,3,8,1770,170,2008,0,98065,47.5185,-121.878,1410,2335
740000.0,3,2.25,3440,44374,2.0,0,3,4,10,2190,1250,1979,0,98006,47.547,-122.111,3470,40185
356000.0,4,2.0,1600,12500,1.0,0,0,5,7,1600,0,1938,0,98166,47.4713,-122.355,1260,8306
1600000.0,4,5.5,6530,871200,2.0,0,2,3,11,6530,0,2008,0,98014,47.664,-121.878,1280,858132
896000.0,4,2.5,3560,46644,2.0,0,0,3,11,3560,0,1992,0,98077,47.7268,-122.05,3520,50261
389950.0,3,2.5,2283,3996,2.0,0,0,3,8,2283,0,2008,0,98031,47.4221,-122.192,1760,3992
450000.0,2,2.0,1610,6160,2.0,0,0,4,8,1610,0,1977,0,98052,47.6644,-122.13,1750,6305
1855000.0,5,3.25,5570,9600,2.0,0,0,5,9,3860,1710,1952,0,98105,47.6708,-122.262,3170,10400
480000.0,2,1.0,710,4800,1.0,0,0,2,6,710,0,1950,0,98112,47.6212,-122.298,1480,1721
624900.0,4,2.5,2270,11500,1.0,0,0,3,8,1540,730,1967,0,98034,47.7089,-122.241,2020,10918
270000.0,3,2.25,1750,8400,1.0,0,0,3,7,1350,400,1965,0,98188,47.4571,-122.272,2020,9110
130000.0,2,1.0,600,1500,1.0,0,0,4,4,600,0,1900,0,98027,47.5289,-122.033,1130,6000
255000.0,3,1.5,1110,10296,1.0,0,0,5,7,1110,0,1964,0,98042,47.422,-122.153,1330,10296
596500.0,4,2.25,1770,8505,2.0,0,0,3,8,1770,0,1986,0,98052,47.6904,-122.102,1880,8939
590000.0,4,2.5,2940,29013,2.0,0,0,3,10,2940,0,1992,0,98077,47.7635,-122.044,3010,34071
500000.0,3,2.5,2760,35171,2.0,0,0,3,9,2760,0,1990,0,98058,47.465,-122.123,2720,35171
429000.0,3,2.5,1860,11122,2.0,0,0,3,8,1860,0,1994,0,98059,47.5062,-122.151,2420,8542
444950.0,3,2.5,2020,7800,1.0,0,0,4,7,1330,690,1958,0,98133,47.7368,-122.337,1870,7800
275000.0,3,2.75,1740,5757,1.0,0,0,3,7,1740,0,2010,0,98022,47.1941,-121.979,2380,5647
460000.0,3,1.75,1420,8250,1.0,0,0,4,7,1420,0,1960,0,98007,47.6112,-122.133,2020,8250
215000.0,3,1.0,1610,7140,1.0,0,0,3,7,1080,530,1976,0,98031,47.3943,-122.189,1800,7600
530000.0,3,1.75,1660,4800,1.0,0,0,3,7,960,700,1941,1996,98116,47.5734,-122.412,1510,4800
390000.0,3,1.0,1040,8075,1.0,0,0,4,7,1040,0,1961,0,98033,47.6701,-122.176,1450,8075
547500.0,3,3.5,1650,2262,3.0,0,0,3,8,1650,0,2010,0,98103,47.6823,-122.347,1620,3166
540000.0,3,2.5,2400,5817,2.0,0,0,3,8,2400,0,1998,0,98065,47.5371,-121.87,2420,5817
250000.0,3,1.0,1520,7800,1.0,0,0,4,7,1120,400,1967,0,98032,47.3784,-122.29,1740,8000
813000.0,4,2.75,3370,6675,1.0,0,3,4,8,1920,1450,1948,0,98144,47.5887,-122.291,2250,5550
450000.0,2,1.5,1020,1049,3.0,0,0,3,8,1020,0,2008,0,98103,47.68,-122.348,1350,1395
450000.0,3,1.5,1530,23660,1.0,0,0,3,7,1530,0,1952,0,98155,47.7467,-122.295,1800,11407
475000.0,3,1.0,1250,150117,1.0,0,0,3,7,1250,0,1975,0,98075,47.5956,-122.009,3060,50055
200000.0,2,1.0,920,5250,1.0,0,0,4,6,920,0,1906,0,98118,47.5177,-122.266,1210,5250
225000.0,3,1.0,1200,9936,1.0,0,0,4,6,1200,0,1969,0,98038,47.3609,-122.029,1200,10189
140000.0,3,1.0,1240,8000,1.0,0,0,4,6,1040,200,1954,0,98198,47.4204,-122.316,1240,8000
540000.0,3,2.5,1810,3930,2.0,0,0,3,8,1810,0,2008,0,98053,47.7169,-122.02,1560,5100
245000.0,3,1.5,1330,7125,2.0,0,0,3,7,1330,0,1968,0,98034,47.7308,-122.194,1570,7350
500000.0,3,2.75,3410,9360,1.5,0,0,4,8,3410,0,1967,0,98058,47.4497,-122.147,2260,10128
414000.0,4,2.5,3490,9030,1.5,0,0,4,8,3490,0,1969,0,98023,47.3198,-122.386,2540,8400
583000.0,3,2.25,1830,8276,1.0,0,0,3,8,1350,480,1989,0,98074,47.6336,-122.025,1920,8276
1160000.0,4,3.75,3560,13959,2.0,0,0,4,9,3560,0,1972,0,98040,47.5575,-122.211,3320,11834
267500.0,3,1.5,1390,2153,2.0,0,0,3,7,1390,0,2001,0,98118,47.5506,-122.29,1100,2617
250000.0,3,2.0,1900,6660,1.0,0,0,5,7,950,950,1966,0,98038,47.3594,-122.054,1690,8111
407000.0,2,2.5,1340,999,2.0,0,0,3,8,940,400,2008,0,98116,47.5655,-122.386,1470,1436
653000.0,3,2.5,2290,3475,2.0,0,0,3,9,2290,0,2006,0,98029,47.5551,-122.001,2340,3626
311750.0,4,2.25,2270,12000,1.0,0,0,4,7,1290,980,1976,0,98023,47.3287,-122.353,2030,23980
236000.0,4,2.75,2000,5827,2.0,0,0,3,7,2000,0,1997,0,98038,47.3629,-122.026,1710,6929
259000.0,3,2.5,1550,3569,2.0,0,0,3,7,1550,0,2011,0,98002,47.3528,-122.211,2095,3402
385000.0,4,2.5,1620,5280,2.0,0,0,4,7,1620,0,1924,1971,98146,47.5132,-122.384,1590,5280
566000.0,4,1.75,1900,10297,1.0,0,0,4,8,1900,0,1966,0,98005,47.5944,-122.155,2220,9612
195000.0,2,1.0,800,5280,1.0,0,0,5,6,800,0,1918,0,98022,47.205,-121.995,1240,7670
310000.0,2,1.0,1050,8220,1.0,0,0,4,6,780,270,1947,0,98155,47.7598,-122.316,1340,7651
445000.0,3,1.5,860,3200,1.0,0,0,3,6,860,0,1929,0,98117,47.6791,-122.362,1220,4300
1250000.0,3,2.5,3670,18505,1.0,0,4,3,10,2530,1140,1983,0,98177,47.7588,-122.376,2920,20000
871000.0,4,2.5,2150,8536,1.0,0,3,4,8,1400,750,1967,0,98006,47.5663,-122.163,2800,9500
352000.0,5,2.75,2980,9838,1.0,0,0,3,7,1710,1270,1968,0,98030,47.3807,-122.222,2240,9838
1695000.0,4,2.75,3770,10900,2.0,0,2,5,9,3070,700,1924,0,98144,47.5849,-122.29,3000,5000
577000.0,2,1.75,2070,23160,1.0,0,0,3,7,1260,810,1946,0,98199,47.6551,-122.394,1690,5458
1001000.0,4,2.0,3100,8000,1.5,0,0,5,7,2040,1060,1939,0,98103,47.6852,-122.329,1650,4000
324950.0,3,1.0,1240,7500,1.0,0,0,4,7,1240,0,1976,0,98074,47.6199,-122.062,1240,9750
405000.0,3,1.0,1250,7280,1.0,0,0,3,7,1250,0,1975,0,98052,47.6986,-122.129,1690,7280
868000.0,4,2.5,2020,4350,2.0,0,0,5,9,1730,290,1943,0,98199,47.6503,-122.41,1620,5800
670000.0,4,2.75,3020,13530,1.0,0,0,4,8,1540,1480,1977,0,98052,47.6299,-122.099,2230,11896
628000.0,4,2.0,2260,6000,1.0,0,0,3,8,1430,830,1958,0,98115,47.6876,-122.298,2030,5874
521000.0,3,1.75,1730,18250,1.0,0,0,3,8,1730,0,1988,0,98011,47.737,-122.201,2180,10027
781500.0,4,2.5,3440,6332,2.0,0,0,3,10,3440,0,2001,0,98059,47.5347,-122.155,3310,6528
330000.0,3,1.0,1070,10563,1.0,0,0,3,7,1070,0,1969,0,98072,47.7687,-122.166,1840,9638
623000.0,4,2.75,2300,12633,2.0,0,0,3,9,2300,0,1984,0,98074,47.6218,-122.032,2240,9246
475000.0,3,2.5,1630,7586,2.0,0,0,3,8,1630,0,1986,0,98029,47.5689,-122.023,2090,7330
419000.0,3,2.5,2170,4517,2.0,0,0,3,8,2170,0,2002,0,98059,47.4819,-122.14,2610,4770
402000.0,3,1.5,1320,3145,2.0,0,0,3,7,1320,0,1998,0,98144,47.5909,-122.297,1320,3002
1605000.0,4,3.5,3920,19088,1.0,0,1,3,10,2240,1680,2005,0,98040,47.576,-122.214,3800,13749
610000.0,4,2.25,2090,35040,1.0,0,0,3,8,1490,600,1980,0,98075,47.5739,-122.032,2910,21132
460000.0,3,2.5,1450,1053,2.0,0,0,3,8,940,510,2008,0,98107,47.6754,-122.374,1410,1080
300000.0,5,1.0,1940,8875,1.0,0,0,3,7,1940,0,1957,0,98188,47.4407,-122.275,1380,8875
792500.0,4,2.5,4290,175421,2.0,0,0,3,10,4290,0,2004,0,98010,47.3585,-121.988,3370,63162
2998000.0,5,4.0,6670,16481,2.0,0,0,3,12,4960,1710,2007,0,98004,47.6409,-122.221,4800,16607
442500.0,3,1.0,1120,8200,1.0,0,0,4,7,1120,0,1938,0,98125,47.7254,-122.29,1820,7205
815000.0,4,2.75,2620,4743,1.0,0,2,4,8,1310,1310,1949,0,98117,47.6829,-122.4,1900,4764
200000.0,4,2.75,2210,13235,2.0,0,0,3,8,1730,480,1988,0,98003,47.3541,-122.303,1750,7542
335000.0,2,1.75,1270,1685,2.0,0,0,3,8,1270,0,2012,0,98108,47.5646,-122.295,1270,1843
330000.0,4,2.25,2380,122038,2.0,0,0,4,8,2380,0,1984,0,98022,47.2624,-122.015,2030,48000
401000.0,3,1.5,1470,6867,1.0,0,0,3,8,1470,0,1955,0,98155,47.7495,-122.327,1470,6523
560000.0,4,1.75,2230,6838,1.0,0,0,3,7,1320,910,1985,0,98008,47.5742,-122.118,1580,7500
467500.0,2,1.75,1490,4800,1.0,0,0,4,7,750,740,1918,0,98136,47.5496,-122.391,1400,6000
1270000.0,4,3.0,5520,8313,2.0,0,3,3,9,3570,1950,2008,0,98006,47.5655,-122.129,3770,8278
379000.0,4,2.5,2570,10155,2.0,0,0,3,9,2570,0,1994,0,98030,47.3842,-122.17,2770,10155
162500.0,2,1.0,760,6141,1.0,0,0,2,6,760,0,1920,0,98118,47.5469,-122.277,900,4120
635500.0,3,2.0,1660,3600,1.0,0,0,3,7,1000,660,1939,2006,98103,47.6789,-122.351,1700,4356
340000.0,4,2.25,2230,6791,2.0,0,0,3,8,2230,0,2005,0,98038,47.3769,-122.028,2420,6297
778100.0,2,1.0,1480,4080,1.0,0,0,3,7,1050,430,1949,0,98117,47.6842,-122.393,1310,4080
280000.0,3,1.5,1670,11610,1.0,0,0,4,7,1670,0,1963,0,98055,47.4404,-122.191,1930,10200
438924.0,3,1.5,1050,4590,1.0,0,0,3,7,850,200,1949,0,98115,47.6943,-122.29,1770,5400
595000.0,3,2.5,1910,3075,2.0,0,0,3,8,1910,0,2001,0,98029,47.5491,-122.005,1940,3485
357000.0,3,1.5,1340,11744,1.0,0,0,2,7,1340,0,1950,0,98146,47.4947,-122.36,2020,13673
315000.0,3,2.5,2240,6097,2.0,0,0,3,8,2240,0,2002,0,98038,47.3503,-122.042,2240,5574
219000.0,3,1.5,1740,5200,1.0,0,0,4,7,1060,680,1977,0,98042,47.3657,-122.094,1540,5200
491500.0,3,2.25,2230,13100,1.0,0,0,4,8,1510,720,1974,0,98006,47.5413,-122.174,2010,10650
1679000.0,5,4.25,4830,11466,2.0,0,0,3,10,3720,1110,2014,0,98040,47.5774,-122.222,2180,11017
775000.0,3,2.0,1160,13747,1.0,0,0,5,5,580,580,1931,0,98075,47.585,-122.051,2961,16320
748000.0,3,2.5,2600,10183,1.0,0,0,3,8,1300,1300,2004,0,98033,47.6984,-122.201,1860,10401
875000.0,4,3.0,3720,14125,1.0,0,0,4,9,1930,1790,1960,0,98005,47.5911,-122.177,3160,15300
283200.0,4,1.75,1830,12540,1.0,0,0,4,8,1130,700,1958,0,98003,47.3348,-122.324,2020,12540
285000.0,3,2.25,1840,6214,1.0,0,0,4,7,1270,570,1983,0,98031,47.4043,-122.185,1840,6214
430000.0,2,1.75,1840,14874,1.0,0,2,3,8,1300,540,1952,0,98166,47.4382,-122.348,2920,15084
925000.0,4,2.5,3540,18168,2.0,0,0,3,10,3540,0,1996,0,98006,47.5441,-122.131,4130,11180
588000.0,3,1.5,1780,4200,1.5,0,0,4,8,1780,0,1916,0,98103,47.662,-122.349,1380,3333
359000.0,4,2.25,2710,22860,1.0,0,0,4,7,1850,860,1962,0,98001,47.3207,-122.266,1700,22860
339000.0,3,2.5,1450,3748,2.0,0,0,3,7,1450,0,2004,0,98065,47.532,-121.85,1970,3748
421000.0,3,1.75,1100,8662,1.0,0,0,5,7,1100,0,1964,0,98056,47.5368,-122.173,1100,9240
460000.0,3,1.75,1520,7700,1.0,0,0,3,7,820,700,1969,0,98034,47.7226,-122.219,1420,7674
419950.0,3,2.25,1250,811,3.0,0,0,3,8,1250,0,2014,0,98136,47.5419,-122.388,1250,1232
430000.0,3,2.5,2030,7770,2.0,0,0,3,8,2030,0,2003,0,98024,47.5253,-121.93,1360,10782
375000.0,3,1.0,1310,8400,1.0,0,0,3,7,1310,0,1972,1989,98034,47.7253,-122.197,1680,8000
308000.0,3,1.75,1630,11475,1.0,0,0,4,7,1330,300,1979,0,98045,47.4635,-121.746,1630,11475
406650.0,2,1.0,1070,6100,1.0,0,0,3,6,1070,0,1940,0,98126,47.5698,-122.377,1770,5695
425000.0,4,2.5,2070,4427,2.0,0,0,3,7,2070,0,2007,0,98065,47.5208,-121.869,2070,4556
300000.0,3,2.0,1310,9855,1.0,0,0,3,7,1310,0,1962,0,98034,47.7296,-122.241,1310,8370
476500.0,4,1.75,1670,10200,1.0,0,0,3,7,1390,280,1953,0,98118,47.5524,-122.267,1720,6860
550000.0,3,2.0,1420,1369,2.5,0,0,3,9,1340,80,2007,0,98109,47.6472,-122.357,1540,2168
1200000.0,4,2.5,4280,12796,2.0,0,0,3,11,3400,880,1999,0,98006,47.5588,-122.124,3520,9593
895000.0,4,3.0,3240,5562,2.0,0,0,3,10,3240,0,2013,0,98075,47.5919,-121.975,3380,5562
424950.0,3,1.75,2090,7505,1.0,0,0,3,7,2090,0,1967,0,98034,47.7326,-122.194,1510,7416
445000.0,2,1.0,930,7740,1.0,0,0,1,5,930,0,1932,0,98148,47.4611,-122.324,1620,8584
450000.0,2,1.0,740,5100,1.0,0,0,4,7,740,0,1947,0,98115,47.6787,-122.301,920,5100
459990.0,3,2.5,2680,5539,2.0,0,0,3,8,2680,0,2013,0,98045,47.4761,-121.734,2990,6037
717000.0,3,2.5,2480,5137,2.0,0,0,3,9,2480,0,2000,0,98052,47.684,-122.164,2480,6023
541900.0,3,2.5,1880,3054,2.0,0,0,3,8,1880,0,1988,0,98007,47.6091,-122.147,1840,3815
354000.0,3,1.75,1340,6300,1.0,0,0,3,7,1340,0,1972,0,98034,47.7186,-122.218,1780,7200
200000.0,2,1.5,1360,1898,2.0,0,0,3,7,1360,0,1978,0,98092,47.2852,-122.19,1360,1898
280000.0,4,2.5,1934,5677,2.0,0,0,3,8,1934,0,2013,0,98001,47.2602,-122.252,1919,5049
600000.0,3,1.0,1480,17360,1.0,0,1,3,8,1480,0,1954,0,98136,47.5179,-122.387,2250,8720
257950.0,3,1.75,1370,5858,1.0,0,0,3,7,1370,0,1987,0,98198,47.3815,-122.313,1400,7500
319900.0,2,1.0,1380,9251,1.0,0,0,3,7,1380,0,1940,0,98028,47.7486,-122.249,1870,12158
195000.0,3,1.0,1070,22489,1.0,0,0,3,7,1070,0,1967,0,98001,47.3278,-122.262,1880,20250
320000.0,3,2.25,1200,1400,3.0,0,0,3,8,1200,0,2005,0,98133,47.7046,-122.357,1370,6552
459000.0,5,2.5,2650,12987,1.0,0,0,4,7,1350,1300,1979,0,98028,47.7482,-122.244,2160,12726
1695000.0,3,4.0,3910,5350,2.0,0,2,5,10,2610,1300,1933,0,98199,47.6393,-122.408,2890,5350
372000.0,4,1.75,1960,9300,1.0,0,0,5,7,1340,620,1979,0,98045,47.4487,-121.772,1500,9752
320000.0,3,2.0,1550,34175,1.5,0,0,3,7,1550,0,1999,0,98045,47.4855,-121.698,2300,35174
535000.0,4,2.5,2340,5600,2.0,0,0,3,7,2340,0,1921,2013,98146,47.5117,-122.379,1310,5600
266000.0,3,1.5,1120,8250,1.0,0,0,4,7,1120,0,1957,0,98056,47.4905,-122.179,1320,8400
315450.0,3,1.75,1130,7500,1.5,0,0,4,7,1130,0,1908,0,98108,47.5254,-122.318,1240,6000
840000.0,7,4.5,4290,37607,1.5,0,0,5,10,4290,0,1982,0,98027,47.4812,-122.033,2810,40510
492000.0,4,2.5,2550,6382,2.0,0,0,3,7,2550,0,2007,0,98065,47.5202,-121.87,2430,5900
320000.0,3,2.5,1590,3480,2.0,0,0,3,7,1590,0,2004,0,98056,47.4805,-122.178,1680,3480
310000.0,4,2.75,2060,8100,1.0,0,0,4,7,1310,750,1988,0,98198,47.3581,-122.317,1540,8100
670000.0,3,1.75,1850,8160,1.0,0,0,3,8,1850,0,1952,0,98177,47.7241,-122.363,1600,8160
525000.0,4,1.0,1570,4000,1.5,0,0,3,7,1570,0,1920,0,98102,47.6275,-122.321,1610,4000
775000.0,4,2.5,2300,6158,2.0,0,0,3,9,2300,0,1999,0,98115,47.6943,-122.299,2170,6434
590000.0,3,2.5,2400,99752,1.0,0,0,3,9,2400,0,1996,0,98058,47.3917,-122.084,2800,98010
367000.0,4,1.0,1820,5500,1.5,0,0,3,6,1820,0,1947,0,98106,47.5185,-122.363,1140,5500
625000.0,4,2.25,2470,17008,2.0,0,0,4,8,2470,0,1979,0,98075,47.5924,-122.048,2470,31798
1100000.0,4,3.5,4560,41636,2.0,0,0,3,9,4170,390,1995,0,98006,47.5589,-122.116,2990,11381
206000.0,3,1.0,1050,5233,1.0,0,0,5,5,1050,0,1906,0,98010,47.3106,-121.999,970,7500
275000.0,4,2.0,1720,5472,1.0,0,0,3,6,860,860,1923,0,98118,47.5299,-122.288,1720,5670
509500.0,2,2.5,1590,1485,2.0,0,0,3,8,1300,290,1994,0,98199,47.6375,-122.387,1880,3675
515000.0,2,2.25,2690,15000,1.0,0,2,3,8,1870,820,1987,0,98023,47.3361,-122.353,2690,15000
576000.0,4,2.5,2590,5756,2.0,0,0,3,8,2590,0,2001,0,98065,47.5356,-121.875,2620,6109
292000.0,5,2.5,2490,7666,1.0,0,0,4,7,1490,1000,1989,0,98031,47.4022,-122.171,1930,7415
365000.0,3,1.75,1820,5555,1.0,0,0,4,7,1030,790,1939,0,98103,47.6867,-122.352,1420,4000
888000.0,3,1.5,1250,8710,1.0,0,0,4,7,1250,0,1953,0,98004,47.6245,-122.198,1750,9185
232000.0,2,1.0,1200,8063,1.0,0,0,4,6,1200,0,1958,0,98198,47.4204,-122.324,1200,7500
435000.0,6,2.5,2270,11970,1.0,0,0,3,7,1470,800,1964,0,98011,47.7722,-122.204,2270,10640
272000.0,4,2.5,2070,6175,2.0,0,0,3,8,2070,0,1993,0,98092,47.3262,-122.174,1940,6175
376000.0,2,2.0,1340,1635,2.0,0,0,3,8,1340,0,2003,0,98029,47.5476,-122.005,1410,1375
600000.0,4,2.0,2510,38141,1.0,0,0,3,9,2510,0,1960,0,98034,47.7219,-122.258,3180,11760
425000.0,3,2.25,1630,10500,1.0,0,0,3,7,1100,530,1974,0,98034,47.7176,-122.236,1640,9794
450000.0,3,2.5,2280,4557,2.0,0,0,3,8,2280,0,2010,0,98028,47.7733,-122.266,2070,4610
710000.0,3,2.75,2930,218235,2.0,0,2,3,8,2930,0,1990,0,98024,47.5481,-121.886,2450,218235
898000.0,2,2.25,2470,7658,1.0,0,0,4,8,1480,990,1954,0,98199,47.653,-122.416,2070,7270
314200.0,1,1.0,610,6000,1.0,0,0,4,5,610,0,1918,0,98117,47.6911,-122.367,970,5000
750000.0,3,1.75,2610,5544,1.5,0,0,3,8,1680,930,1934,0,98117,47.684,-122.376,1330,5074
390000.0,4,1.75,1910,77574,1.0,0,0,4,8,1910,0,1971,0,98042,47.3932,-122.12,2130,37026
599000.0,4,4.75,3700,11000,1.0,0,0,4,7,1840,1860,1962,0,98028,47.768,-122.251,1720,11564
560000.0,3,2.0,2870,95396,1.0,0,0,4,9,1350,1520,1980,0,98027,47.4834,-122.001,2870,102366
370000.0,2,1.0,1220,17172,1.0,0,0,4,6,1220,0,1947,0,98033,47.6934,-122.163,1510,12915
400000.0,3,1.75,1510,8385,1.0,0,0,3,7,1510,0,1968,0,98034,47.7279,-122.195,1570,7480
450000.0,2,1.5,1450,2550,1.0,0,0,3,7,820,630,1984,0,98103,47.6911,-122.348,1450,5100
625000.0,3,1.0,1240,4080,1.0,0,0,3,7,1240,0,1925,0,98103,47.667,-122.333,2060,4080
872500.0,3,2.5,2040,6000,1.0,0,0,3,8,1840,200,1951,0,98109,47.6334,-122.35,1820,4920
498000.0,3,2.0,1620,8400,1.0,0,0,3,7,1180,440,1968,0,98052,47.6574,-122.128,2120,8424
296000.0,3,2.5,1560,5845,2.0,0,0,3,7,1560,0,2003,0,98038,47.3851,-122.029,1860,5752
506000.0,5,3.0,2430,8000,1.0,0,0,4,7,1370,1060,1957,0,98008,47.603,-122.12,1770,8000
950000.0,6,1.0,2330,5000,1.5,0,0,4,7,2330,0,1920,0,98117,47.6789,-122.397,1570,5000
245000.0,3,1.75,2350,12720,1.0,0,0,4,7,1180,1170,1964,0,98030,47.3594,-122.175,1680,10400
425000.0,3,2.25,1400,6970,2.0,0,0,3,8,1400,0,1984,0,98006,47.542,-122.184,1800,8140
252700.0,2,1.5,1070,9643,1.0,0,0,3,7,1070,0,1985,0,98030,47.3533,-122.166,1220,8386
605000.0,4,2.25,2940,48788,1.0,0,0,5,7,1520,1420,1961,0,98028,47.7422,-122.245,2470,14900
370000.0,2,1.0,910,5525,1.0,0,0,2,6,910,0,1910,0,98126,47.5322,-122.379,1620,5525
360000.0,2,1.75,1230,1107,2.0,0,0,3,8,1230,0,2006,0,98029,47.5475,-121.999,1380,1107
533380.0,4,2.75,2790,6685,2.0,0,0,3,8,2790,0,2014,0,98045,47.4838,-121.773,2790,6444
673000.0,4,2.25,2590,8190,2.0,0,0,4,8,2590,0,1980,0,98006,47.5619,-122.125,2260,8335
567500.0,3,2.5,2300,7398,2.0,0,0,3,8,2300,0,2001,0,98065,47.5369,-121.876,2580,6983
810000.0,6,2.75,3970,9500,1.0,0,0,4,10,2180,1790,1970,0,98005,47.5956,-122.178,2490,9775
300000.0,3,2.0,1050,10072,1.0,0,0,3,7,1050,0,1986,0,98019,47.7341,-121.976,1130,10087
349000.0,3,2.5,1430,1002,3.0,0,0,3,8,1430,0,2002,0,98103,47.698,-122.349,1430,1530
473000.0,5,3.25,2180,7200,2.0,0,0,4,7,2180,0,1982,0,98034,47.7078,-122.234,1840,7644
515000.0,3,2.5,2600,4506,2.0,0,0,3,8,2600,0,2003,0,98028,47.7353,-122.222,2600,4658
950000.0,3,3.0,4040,14338,2.0,0,0,3,10,3030,1010,1986,0,98077,47.7268,-122.06,3360,14142
798000.0,3,3.5,3590,6402,2.0,0,0,3,10,3590,0,1999,0,98074,47.6336,-122.063,3230,7305
375000.0,4,2.5,2510,7245,2.0,0,0,3,9,2510,0,2007,0,98146,47.5096,-122.363,1830,8900
600000.0,3,2.25,1900,46609,1.5,0,0,4,7,1440,460,1969,0,98072,47.7529,-122.116,2460,43560
265000.0,3,2.5,1720,6271,2.0,0,0,3,7,1720,0,1993,0,98038,47.3898,-122.049,1570,6587
240000.0,3,1.0,1690,20063,1.5,0,0,4,7,1690,0,1913,0,98001,47.3556,-122.294,1700,15899
490000.0,5,2.0,2150,4500,1.5,0,0,3,8,2150,0,1938,0,98116,47.5582,-122.388,1300,4500
710000.0,3,2.0,1880,3000,1.0,0,0,4,8,1040,840,1931,0,98109,47.6418,-122.351,1790,3000
685000.0,3,1.75,2720,4720,1.5,0,0,4,7,1580,1140,1925,0,98105,47.6691,-122.29,1660,4640
437000.0,4,1.75,1700,10642,1.0,0,0,4,7,850,850,1954,0,98006,47.5674,-122.142,1610,11200
515000.0,3,2.5,3000,8250,1.0,0,0,4,8,1760,1240,1963,0,98008,47.6191,-122.112,2040,8250
515000.0,3,1.5,1660,5100,1.0,0,0,4,7,1210,450,1954,0,98136,47.5345,-122.383,1440,5100
841000.0,4,2.5,3080,13870,2.0,0,0,4,9,3080,0,1981,0,98007,47.6197,-122.149,2920,12221
430000.0,4,3.0,1850,9976,2.0,0,0,3,8,1850,0,1991,0,98059,47.5059,-122.149,2270,8542
626100.0,4,2.5,2280,7219,2.0,0,0,4,8,2280,0,1987,0,98029,47.5719,-122.021,2240,7471
335000.0,2,1.75,1030,1066,2.0,0,0,3,7,765,265,2006,0,98136,47.5394,-122.387,1030,1106
357000.0,3,1.0,1370,6450,1.0,0,0,3,7,1370,0,1948,0,98125,47.7195,-122.288,1550,6898
343000.0,2,1.5,1100,1228,2.0,0,0,3,7,900,200,2007,0,98118,47.5538,-122.282,1340,1380
254000.0,3,2.25,1660,8188,2.0,0,0,4,7,1660,0,1988,0,98042,47.3766,-122.115,1660,7000
210500.0,3,1.0,1220,9600,1.0,0,0,5,7,1220,0,1958,0,98001,47.2622,-122.282,1310,9600
200000.0,4,2.75,1910,7210,1.0,0,0,4,7,1430,480,1980,0,98030,47.3693,-122.169,1750,7446
672500.0,2,1.75,1860,5940,1.0,0,2,5,8,1020,840,1956,0,98116,47.5751,-122.407,2130,5940
565000.0,4,2.75,3130,139392,2.0,0,0,4,9,3130,0,1981,0,98030,47.3535,-122.19,2720,104544
822000.0,3,2.5,2290,9158,2.0,0,0,4,8,2290,0,1984,0,98006,47.5476,-122.14,2210,9588
700000.0,4,2.5,2590,4498,2.0,0,0,3,9,2590,0,2004,0,98052,47.7047,-122.128,2660,5238
665000.0,3,1.75,2700,5040,1.0,0,2,3,8,1560,1140,1947,0,98144,47.5834,-122.29,3010,5000
220000.0,4,2.0,2340,10507,1.5,0,0,4,6,2340,0,1959,0,98030,47.3578,-122.178,990,10507
392450.0,4,2.0,2195,2681,1.0,0,0,3,7,1060,1135,1912,0,98103,47.6965,-122.342,1710,1280
438000.0,2,2.0,1270,1372,3.0,0,0,3,8,1270,0,2000,0,98115,47.6776,-122.318,1610,3090
420000.0,2,2.75,1760,4139,2.0,0,0,3,8,1760,0,2010,0,98065,47.5175,-121.878,1870,3076
1655000.0,4,2.25,3530,5500,2.0,0,0,3,8,2860,670,1940,0,98105,47.6618,-122.273,2840,5500
900000.0,6,3.75,4210,6105,2.0,0,0,3,9,3280,930,2008,0,98059,47.5211,-122.157,3820,6368
391000.0,3,2.25,1410,1290,2.0,0,0,3,7,1290,120,2004,0,98027,47.5345,-122.069,1490,1380
230000.0,3,1.0,1250,9774,1.0,0,0,4,7,1250,0,1969,0,98003,47.3343,-122.306,1280,8850
705000.0,2,2.5,2300,6400,1.0,0,0,3,8,2300,0,2007,0,98053,47.7196,-122.02,2300,6400
642000.0,6,1.0,1530,4305,1.5,0,0,4,7,1530,0,1921,0,98115,47.6862,-122.31,1530,3800
440000.0,5,3.25,2610,3642,2.0,0,0,3,8,2080,530,2005,0,98118,47.535,-122.284,1750,3118
552000.0,3,1.0,1430,5000,1.0,0,0,4,6,1080,350,1919,0,98115,47.6724,-122.296,1630,4600
300000.0,4,2.5,2303,3826,2.0,0,0,3,8,2303,0,2006,0,98092,47.3258,-122.165,2516,4500
989000.0,6,4.5,3830,4800,3.0,0,0,3,9,3050,780,1919,2004,98119,47.6404,-122.361,1990,4800
839704.0,4,3.25,2950,4161,2.0,0,0,3,10,2210,740,2014,0,98027,47.5297,-122.073,2790,3693
308000.0,4,2.5,1960,5642,2.0,0,0,3,7,1960,0,1998,0,98092,47.3167,-122.187,1870,5250
435000.0,3,1.75,2030,13700,1.0,0,0,3,8,1630,400,1976,0,98011,47.7726,-122.197,2120,11200
498000.0,3,2.5,1690,4088,2.0,0,0,3,7,1690,0,2004,0,98053,47.6779,-122.034,1950,4088
469950.0,5,2.5,2310,8303,1.0,0,0,3,7,1300,1010,1975,0,98034,47.7212,-122.211,1930,8303
748000.0,4,2.5,3170,4979,2.0,0,0,4,7,2570,600,1925,0,98103,47.6655,-122.34,2060,5000
480680.0,3,2.5,1730,4924,2.0,0,0,3,8,1730,0,1996,0,98029,47.5672,-122.005,1610,4313
325000.0,4,2.75,2110,6838,2.0,0,0,4,8,2110,0,1991,0,98031,47.3877,-122.171,2100,7280
375000.0,3,1.5,1630,16170,1.0,0,0,3,7,1630,0,1988,0,98034,47.7104,-122.235,1630,9931
646000.0,4,2.5,2310,4079,2.0,0,0,3,8,2310,0,2008,0,98117,47.6937,-122.361,1220,4800
399950.0,3,1.0,1040,9600,1.0,0,0,3,7,1040,0,1978,0,98053,47.6738,-122.063,1370,10889
700000.0,3,2.0,2080,3880,1.0,0,0,5,7,1160,920,1954,0,98117,47.686,-122.391,1330,3880
389000.0,5,2.0,2330,10750,1.0,0,0,4,7,1190,1140,1962,0,98028,47.7325,-122.245,1830,10180
282950.0,3,1.0,1250,8200,1.0,0,0,4,7,1250,0,1954,0,98003,47.3255,-122.304,1680,8633
335000.0,4,1.75,2000,10890,1.0,0,0,4,7,1390,610,1961,0,98003,47.3203,-122.321,1520,9250
205000.0,4,1.0,1340,7920,1.0,0,0,4,7,1340,0,1970,0,98001,47.2845,-122.267,1090,9600
865000.0,3,3.75,3830,219106,2.0,0,0,3,9,3830,0,1977,1999,98027,47.5432,-121.952,2440,219106
320000.0,2,1.0,950,5316,1.0,0,2,3,7,950,0,1948,0,98126,47.57,-122.38,1620,6085
2510000.0,3,3.25,5480,57990,2.0,1,4,3,11,5480,0,1991,0,98166,47.4558,-122.371,2500,22954
429500.0,3,2.75,1650,7272,1.0,0,0,4,7,1230,420,1972,0,98034,47.7232,-122.174,1770,7272
524950.0,3,1.75,1750,3250,1.5,0,0,4,7,1230,520,1929,0,98117,47.6807,-122.366,1480,3600
395000.0,3,1.75,1460,22651,1.0,0,0,4,7,1460,0,1961,0,98027,47.4861,-122.03,2030,49222
2147500.0,3,3.5,4660,5500,2.0,0,4,5,10,3040,1620,1909,0,98102,47.6465,-122.319,2980,5500
387500.0,4,1.0,1370,7140,2.0,0,0,3,6,1370,0,1942,0,98146,47.512,-122.376,1090,6300
562500.0,2,1.0,1170,2800,1.5,0,0,4,5,1170,0,1905,0,98103,47.6574,-122.345,1660,4996
432000.0,3,2.0,1400,6380,1.0,0,0,4,7,700,700,1924,0,98125,47.7015,-122.316,1690,5800
560000.0,3,1.75,2340,12443,1.5,0,0,4,8,2340,0,1965,0,98006,47.5432,-122.177,1970,9600
299000.0,3,2.5,2450,7062,2.0,0,0,3,8,2450,0,1993,0,98023,47.3061,-122.36,1960,7200
295000.0,1,1.0,520,5600,1.0,0,0,3,6,520,0,1918,0,98116,47.5579,-122.395,1030,5265
237000.0,3,2.0,1210,6634,1.0,0,0,4,7,1210,0,1985,0,98031,47.4097,-122.193,1560,7200
255000.0,3,1.0,960,8100,1.0,0,0,3,7,960,0,1955,0,98155,47.7766,-122.307,1120,8100
1785000.0,4,3.5,5490,14300,1.0,0,4,3,12,2910,2580,1996,0,98006,47.5511,-122.114,4290,13822
420000.0,5,3.0,2150,6117,1.0,0,0,3,7,1370,780,2003,0,98106,47.538,-122.356,1990,6064
950000.0,4,2.5,1700,4418,2.0,0,0,3,8,1700,0,1931,2000,98112,47.6434,-122.3,2090,4174
170000.0,2,1.0,870,6537,1.0,0,0,3,6,870,0,1948,0,98168,47.4906,-122.306,1100,8701
520000.0,2,2.25,1530,981,3.0,0,0,3,8,1480,50,2006,0,98103,47.6533,-122.346,1530,1282
731000.0,4,2.5,3070,5936,2.0,0,0,3,9,3070,0,2005,0,98075,47.5902,-121.988,3160,5936
201000.0,3,1.0,1220,22443,1.0,0,0,4,7,1220,0,1972,0,98001,47.2633,-122.245,1260,19950
720000.0,4,2.25,2530,5200,1.0,0,1,4,8,1530,1000,1957,0,98117,47.6985,-122.382,2240,5200
650000.0,3,1.75,1840,2310,1.0,0,2,4,8,1140,700,1914,0,98109,47.6462,-122.351,1670,4000
400000.0,4,2.25,2420,7927,1.0,0,0,4,7,1400,1020,1973,0,98133,47.7583,-122.343,2120,7693
335000.0,3,1.5,2240,87625,1.5,0,0,2,7,1480,760,1980,0,98092,47.3043,-122.094,1920,110206
199000.0,3,1.75,1050,9871,1.0,0,0,5,7,1050,0,1968,0,98042,47.3816,-122.087,1300,10794
349000.0,3,2.5,2550,7709,2.0,0,0,3,9,2550,0,1989,0,98023,47.3081,-122.391,2410,9250
440000.0,3,1.0,1040,4000,1.0,0,0,3,7,1040,0,1950,0,98122,47.6178,-122.292,1170,4000
395000.0,4,2.5,2130,11733,1.0,0,0,5,7,1330,800,1969,0,98059,47.512,-122.16,1800,9131
812000.0,3,3.25,3240,8338,2.0,0,0,3,9,3240,0,2001,0,98074,47.6321,-122.064,3420,8405
1130000.0,5,2.5,4310,28008,2.0,0,0,3,10,4310,0,1988,0,98053,47.6662,-122.056,3170,28559
539000.0,3,1.5,1460,5040,1.0,0,0,3,7,1100,360,1971,0,98133,47.7112,-122.357,2330,7560
339000.0,3,2.25,2090,10120,1.0,0,0,4,7,1290,800,1979,0,98058,47.4654,-122.174,1820,7983
320000.0,5,2.25,2630,8625,2.0,0,0,3,8,2630,0,1966,0,98032,47.3619,-122.287,1880,8670
1100000.0,3,2.75,2640,4050,1.5,0,0,5,8,1750,890,1926,0,98112,47.6332,-122.281,1920,3600
1052000.0,3,1.0,1860,44431,1.0,0,0,4,6,1860,0,1947,0,98074,47.6057,-122.038,2000,44431
408000.0,3,2.0,1640,3440,2.0,0,0,3,7,1640,0,1987,0,98052,47.6829,-122.097,1070,3549
645000.0,3,1.75,2340,6750,1.5,0,0,5,7,1620,720,1914,0,98103,47.6956,-122.335,1410,3388
425000.0,3,1.75,2120,5992,1.0,0,0,3,7,1060,1060,1947,0,98125,47.7083,-122.308,1840,11000
585000.0,4,1.75,2500,7000,1.0,0,0,3,7,1250,1250,1947,0,98199,47.648,-122.386,1680,7000
663000.0,3,2.5,2480,37843,1.5,1,3,4,8,2480,0,1974,0,98070,47.4003,-122.422,2350,42122
315000.0,2,1.0,900,8556,1.0,0,0,3,6,760,140,1941,0,98136,47.5148,-122.386,1500,8556
329000.0,4,2.0,1850,9126,1.0,0,0,5,7,1850,0,1963,0,98059,47.5009,-122.164,1730,9110
338000.0,4,2.5,2370,10631,2.0,0,0,3,8,2370,0,1999,0,98003,47.3473,-122.302,2200,8297
256500.0,5,2.5,1960,7350,1.0,0,0,4,7,1360,600,1969,0,98058,47.4368,-122.165,1900,7350
215500.0,3,2.0,1380,9000,2.0,0,0,2,7,1380,0,1946,1982,98001,47.2613,-122.248,1460,9732
195500.0,4,1.0,1230,8636,1.5,0,0,4,6,1230,0,1954,0,98002,47.3231,-122.219,1168,8316
349500.0,3,2.0,1270,3600,1.0,0,0,3,7,1270,0,1963,0,98122,47.6099,-122.297,1660,3600
260000.0,3,2.0,2710,5000,2.0,0,0,3,6,2710,0,1951,0,98126,47.5188,-122.373,850,5000
260000.0,6,2.0,2220,8797,1.0,0,0,3,7,2220,0,1977,0,98002,47.2977,-122.227,1170,5123
378000.0,4,1.0,1300,6075,1.0,0,0,5,7,1300,0,1954,0,98133,47.773,-122.349,1450,7320
530000.0,3,2.25,2190,220414,1.0,0,0,4,7,1330,860,1976,0,98059,47.5041,-122.102,2550,175982
317625.0,3,2.75,2770,3809,1.5,0,0,5,7,1770,1000,1925,0,98144,47.5747,-122.304,1440,4000
325000.0,4,1.0,2410,6975,1.0,0,0,3,7,1510,900,1957,0,98108,47.5692,-122.295,1880,6255
609000.0,3,1.75,1630,1526,3.0,0,0,3,8,1630,0,2014,0,98103,47.6536,-122.354,1570,1274
275000.0,4,1.75,1690,6000,1.0,0,0,3,7,1690,0,1957,0,98178,47.497,-122.227,1350,6000
548500.0,3,1.0,1740,4400,1.5,0,0,3,7,1740,0,1924,0,98122,47.6059,-122.3,1720,4400
449950.0,4,3.0,2800,6977,2.0,0,0,3,8,2800,0,2003,0,98038,47.3542,-122.014,2800,6600
441000.0,2,1.5,1190,3400,1.0,0,0,3,7,990,200,1919,0,98115,47.6726,-122.32,1410,3150
477500.0,5,3.5,2815,5619,2.0,0,0,3,9,2815,0,2012,0,98055,47.4299,-122.207,2583,5295
135000.0,2,1.0,750,5217,1.0,0,0,4,6,750,0,1943,0,98106,47.5188,-122.353,760,4440
255000.0,3,2.25,1890,7314,1.0,0,0,3,7,1100,790,1981,0,98031,47.4121,-122.172,1520,7676
429950.0,3,1.75,1830,9758,1.0,0,0,3,8,1300,530,1977,0,98034,47.7107,-122.23,1850,8000
753000.0,3,2.25,2290,9047,2.0,0,0,4,8,2290,0,1984,0,98006,47.5545,-122.163,2120,9275
1015000.0,4,3.75,4690,207141,2.0,0,0,3,10,4030,660,2007,0,98019,47.7072,-121.983,2890,200527
500000.0,3,2.0,1550,6394,1.5,0,0,5,8,1550,0,1918,0,98126,47.5222,-122.379,1440,6387
540000.0,4,2.5,2050,34222,2.0,0,0,4,8,2050,0,1989,0,98077,47.7572,-122.022,2240,51400
360000.0,3,2.0,1630,10723,1.0,0,0,5,7,1630,0,1959,0,98059,47.4898,-122.133,1450,10723
505000.0,3,1.5,1830,217800,1.0,0,0,3,7,1010,820,1981,0,98053,47.6277,-121.972,2450,165963
100000.0,2,0.75,660,5240,1.0,0,0,4,4,660,0,1912,0,98032,47.3881,-122.234,850,5080
234000.0,2,1.0,940,5375,1.0,0,0,4,5,940,0,1952,0,98198,47.4206,-122.324,1200,7500
220000.0,3,1.75,1650,8850,1.0,0,0,3,7,1650,0,1959,0,98188,47.4331,-122.291,1400,8800
735000.0,5,2.75,3390,5211,2.0,0,0,3,9,3390,0,2004,0,98075,47.5977,-121.981,3210,5211
442000.0,3,1.0,1190,5100,1.0,0,0,4,7,1030,160,1941,0,98136,47.5346,-122.385,1690,5100
342000.0,3,3.0,1260,1634,3.0,0,0,3,8,1260,0,1998,0,98103,47.697,-122.349,1260,1135
350000.0,3,3.25,1600,1298,3.0,0,0,3,8,1600,0,1999,0,98117,47.6954,-122.375,1600,1348
833450.0,5,4.0,4460,269345,2.0,0,4,3,9,3330,1130,1996,0,98027,47.4992,-122.06,2670,115434
785000.0,5,3.25,3660,11995,2.0,0,2,3,10,3660,0,2006,0,98065,47.5337,-121.86,3320,11241
210000.0,3,2.25,2140,9775,1.0,0,0,4,7,1470,670,1978,0,98023,47.306,-122.379,2050,8625
1330000.0,4,3.5,3440,9776,2.0,0,0,3,10,3440,0,2006,0,98040,47.5374,-122.216,2400,11000
735000.0,4,2.5,2820,6180,2.0,0,0,3,9,2050,770,2013,0,98118,47.5529,-122.281,1390,4635
559950.0,5,3.0,2730,9519,1.0,0,0,3,8,1670,1060,2014,0,98155,47.7504,-122.307,1150,9519
300000.0,3,2.25,1760,5421,2.0,0,0,3,7,1760,0,1991,0,98038,47.3484,-122.037,1570,6000
678500.0,3,2.75,1210,3600,1.5,0,2,5,7,1210,0,1910,0,98103,47.6798,-122.354,1630,3910
289000.0,2,1.75,2056,52333,1.0,0,0,4,7,1048,1008,1980,0,98001,47.2592,-122.291,2220,6458
463000.0,3,2.5,2010,4195,2.0,0,0,3,8,2010,0,1998,0,98034,47.732,-122.197,2010,5779
502000.0,4,2.5,2040,5616,2.0,0,0,3,8,2040,0,2012,0,98028,47.7737,-122.238,2380,4737
500000.0,3,2.25,2990,216057,2.0,0,0,3,9,2990,0,1994,0,98019,47.754,-121.942,2840,215622
229950.0,3,0.75,1030,12700,1.0,0,0,4,5,1030,0,1944,0,98032,47.3877,-122.236,1140,6955
423000.0,4,2.25,2200,9351,1.0,0,0,5,7,1290,910,1962,0,98133,47.7448,-122.333,1910,8660
405000.0,5,3.5,3672,9742,2.0,0,0,3,9,3006,666,2006,0,98092,47.3255,-122.192,2140,9118
650000.0,4,1.5,2480,6383,1.0,0,0,3,7,1380,1100,1946,0,98119,47.6445,-122.374,1440,6000
416000.0,3,2.0,2220,94300,1.0,0,0,5,7,1640,580,1976,0,98010,47.3459,-121.95,2070,80100
253000.0,3,2.0,1490,7651,1.0,0,0,3,7,1490,0,1988,0,98003,47.3211,-122.325,1590,7795
845000.0,4,2.75,3160,7143,1.5,0,0,3,8,2100,1060,1933,0,98199,47.6513,-122.406,2200,6122
1339000.0,4,2.5,4250,19387,2.0,0,2,4,9,3260,990,1972,0,98040,47.5578,-122.212,3690,17024
1850000.0,4,2.5,3830,11972,1.0,1,4,3,11,2370,1460,1981,0,98155,47.7404,-122.284,3080,12297
465000.0,4,2.5,2820,39413,2.0,0,0,4,9,2820,0,1989,0,98092,47.3064,-122.1,2910,39413
500000.0,3,1.75,1570,8530,1.0,0,0,4,7,1190,380,1983,0,98033,47.6881,-122.184,1530,8708
478830.0,4,2.5,3274,4950,2.0,0,0,3,9,3274,0,2014,0,98092,47.2603,-122.195,2578,4200
705000.0,6,2.0,2570,4240,1.5,0,0,4,7,1970,600,1911,0,98115,47.6754,-122.307,2030,4240
550000.0,3,2.25,2090,8095,2.0,0,2,3,10,2090,0,1988,0,98136,47.5287,-122.385,1940,5635
500000.0,4,1.5,1330,5750,1.5,0,2,3,7,1330,0,1915,0,98116,47.5681,-122.384,1360,5750
791500.0,4,2.5,3250,8970,2.0,0,0,3,10,3250,0,1994,0,98075,47.5862,-122.037,3240,8449
475000.0,3,3.0,2540,18900,1.0,0,0,3,7,1580,960,1978,0,98072,47.754,-122.144,2270,16000
350000.0,2,2.5,1260,1347,3.0,0,0,3,8,1260,0,2005,0,98103,47.6994,-122.341,1260,1356
385000.0,4,2.5,2030,11375,1.0,0,0,3,7,1330,700,1969,0,98028,47.7765,-122.261,1500,9160
920000.0,4,2.5,3470,10045,2.0,0,0,3,10,3470,0,1993,0,98027,47.554,-122.095,4370,12359
1249000.0,5,3.25,3950,44431,1.0,0,0,3,10,2100,1850,1969,0,98005,47.6451,-122.173,3860,45870
558000.0,4,2.25,2060,10358,1.0,0,0,4,8,1320,740,1962,0,98006,47.5478,-122.174,2060,9676
380000.0,3,1.75,1750,10870,1.0,0,0,5,7,1750,0,1968,0,98056,47.4989,-122.188,1230,10868
406000.0,2,1.0,880,3000,1.0,0,0,3,6,880,0,1924,0,98115,47.6749,-122.323,890,3000
366500.0,4,2.75,2070,9300,1.0,0,0,5,7,1120,950,1945,0,98155,47.7416,-122.32,1010,8308
274000.0,4,1.75,1940,7500,1.0,0,0,4,7,1720,220,1966,0,98030,47.3736,-122.215,2000,9000
563000.0,3,2.75,2340,16500,1.0,0,0,4,8,1500,840,1972,0,98075,47.5952,-122.051,2210,15251
831000.0,3,2.25,2240,8800,1.0,0,0,5,8,2240,0,1957,0,98005,47.5937,-122.172,2240,8800
220000.0,3,1.75,1460,7226,1.0,0,0,3,7,1460,0,1993,0,98198,47.3839,-122.321,1760,7226
760000.0,5,3.5,3180,14000,2.0,0,0,5,10,3180,0,1997,0,98006,47.5501,-122.128,3670,14450
436000.0,4,2.5,2495,5751,2.0,0,0,3,7,2495,0,2002,0,98019,47.7243,-121.957,2490,6300
511000.0,3,1.0,1430,3455,1.0,0,0,3,7,980,450,1947,0,98103,47.6873,-122.336,1450,4599
935000.0,2,2.5,1680,977,3.0,0,0,3,9,1680,0,2009,0,98119,47.632,-122.361,1680,977
196440.0,3,2.0,1560,7352,1.0,0,0,3,6,1560,0,1992,0,98001,47.2804,-122.251,1120,7950
473000.0,3,2.75,1050,7200,1.0,0,0,3,7,1050,0,1985,0,98125,47.7163,-122.303,1860,9000
705000.0,2,1.75,2320,6755,1.0,0,0,5,8,1380,940,1946,0,98199,47.6398,-122.403,1990,5000
749950.0,4,2.5,2370,2971,2.0,0,2,3,9,2080,290,2008,0,98034,47.7064,-122.224,2970,7500
995000.0,5,3.25,3970,8029,2.0,0,2,3,9,2970,1000,1979,0,98177,47.7764,-122.385,2520,8214
572500.0,3,1.0,1590,4600,1.5,0,0,4,7,1290,300,1926,0,98117,47.6807,-122.399,1770,4350
2485000.0,4,2.5,3440,23954,1.5,1,3,5,10,2260,1180,1931,0,98040,47.5636,-122.231,4230,18723
390000.0,3,1.75,1850,15170,1.0,0,0,3,7,1850,0,1965,0,98045,47.4991,-121.774,1160,14175
355000.0,4,2.0,1770,8890,1.0,0,0,5,6,1770,0,1949,0,98166,47.4589,-122.353,1010,7620
930000.0,4,4.25,5710,24663,2.0,0,0,3,11,5710,0,2007,0,98092,47.3065,-122.158,4060,23847
280950.0,3,1.75,1390,8700,1.0,0,3,4,7,840,550,1912,0,98055,47.4725,-122.202,1390,10875
355000.0,3,1.0,1180,5965,1.5,0,0,4,6,1180,0,1928,0,98125,47.7281,-122.299,1270,7710
775000.0,4,3.5,3080,5250,2.0,0,0,3,9,3080,0,2003,0,98075,47.5992,-121.972,2980,5509
479900.0,4,2.0,2510,9750,1.0,0,0,3,8,1630,880,1960,0,98028,47.7438,-122.229,1980,9750
998000.0,3,3.75,3710,34412,2.0,0,0,3,10,2910,800,1978,0,98075,47.5888,-122.04,2390,34412
387000.0,2,2.25,1230,1280,2.0,0,0,3,8,960,270,2012,0,98144,47.5942,-122.298,1130,1357
340000.0,5,1.0,1120,9022,1.5,0,0,4,7,1120,0,1962,0,98034,47.7296,-122.24,1310,7500
443000.0,3,1.75,1640,4579,1.0,0,0,4,6,1640,0,1916,0,98133,47.7061,-122.352,1580,5040
303000.0,2,1.5,1400,1650,3.0,0,0,3,7,1400,0,1999,0,98125,47.7222,-122.29,1430,1650
330000.0,3,1.0,910,10240,1.0,0,0,4,6,910,0,1969,0,98053,47.6729,-122.064,1140,10720
312000.0,3,1.5,1255,1374,3.0,0,0,3,7,1255,0,2004,0,98125,47.7145,-122.311,1307,1232
352000.0,3,0.75,1240,7200,1.0,0,0,3,7,1240,0,1947,0,98133,47.7298,-122.342,1210,7200
1250000.0,4,2.25,1830,7200,2.0,0,2,3,8,1750,80,1923,0,98112,47.6315,-122.282,3100,7200
599950.0,3,3.25,1830,1804,3.0,0,0,3,8,1830,0,2014,0,98117,47.6945,-122.377,1830,1804
900000.0,3,2.75,2980,12600,1.5,0,0,3,8,1590,1390,1941,2012,98033,47.674,-122.196,1520,9660
290000.0,2,1.75,1700,18000,1.0,0,0,3,8,1700,0,1972,0,98056,47.5066,-122.194,1700,8225
455000.0,3,1.0,1480,13280,2.5,0,0,3,6,1480,0,1940,0,98027,47.5378,-122.043,1510,8723
885000.0,3,2.5,2880,11443,2.0,0,0,4,9,2880,0,1986,0,98006,47.5633,-122.111,2840,12530
1875000.0,4,5.0,5810,7440,2.0,0,0,3,10,3790,2020,2004,0,98033,47.6878,-122.212,3010,7200
852000.0,4,1.0,2220,3588,1.5,0,0,4,7,1470,750,1927,0,98115,47.6854,-122.308,1740,3588
393500.0,3,1.75,1230,1441,2.0,0,0,3,8,1010,220,2004,0,98116,47.5626,-122.382,1170,1942
372000.0,4,2.5,2070,8658,2.0,0,0,3,8,2070,0,1999,0,98178,47.5072,-122.257,2010,7215
382500.0,4,2.5,2980,8786,2.0,0,0,3,8,2980,0,2003,0,98038,47.378,-122.03,2980,6718
820000.0,2,2.5,2210,4440,2.0,0,0,4,8,1440,770,1931,0,98112,47.6305,-122.3,1560,4920
220000.0,2,1.0,580,7500,1.0,0,0,3,5,580,0,1943,0,98178,47.4852,-122.251,1700,11250
370000.0,3,2.5,1980,6922,2.0,0,0,5,8,1980,0,1991,0,98031,47.396,-122.184,2090,7697
263000.0,3,1.0,1250,7560,1.0,0,0,3,6,1250,0,1959,0,98058,47.4493,-122.173,1270,7615
349900.0,5,2.5,2530,4229,2.0,0,0,3,7,2530,0,2004,0,98038,47.3531,-122.021,2070,4879
350000.0,3,1.0,1020,4980,1.0,0,0,4,7,850,170,1941,0,98133,47.7039,-122.34,970,4980
225000.0,3,1.75,1370,10866,1.0,0,0,4,6,1370,0,1945,0,98052,47.6774,-122.164,1580,14250
575000.0,3,2.5,1760,2320,2.0,0,2,3,8,1760,0,1994,0,98126,47.5723,-122.376,1760,4698
710000.0,2,1.0,1210,6000,1.0,0,0,4,7,1000,210,1942,0,98199,47.6482,-122.402,1840,6000
890000.0,4,2.75,2610,4400,1.0,0,0,5,8,1260,1350,1920,0,98122,47.6158,-122.293,1770,4400
902000.0,4,2.25,2530,9200,1.0,0,0,5,9,1570,960,1976,0,98006,47.5612,-122.152,3030,9400
575000.0,2,2.0,1680,6194,1.0,0,0,3,8,1680,0,2004,0,98053,47.7136,-122.03,1900,5850
515700.0,3,2.5,2180,9722,2.0,0,0,3,8,2180,0,1994,0,98056,47.527,-122.173,2440,9722
189000.0,3,2.0,1460,11481,1.0,0,0,2,7,1170,290,1995,0,98045,47.4493,-121.777,1540,9680
580000.0,5,2.5,3110,15783,1.0,0,0,3,8,1720,1390,1974,0,98052,47.6301,-122.103,2550,12220
1297000.0,6,2.75,2630,9420,2.0,0,0,5,9,2510,120,1900,0,98103,47.6695,-122.337,1540,4969
152000.0,3,1.0,920,4875,1.0,0,0,4,7,920,0,1978,0,98042,47.3623,-122.09,1160,4875
819000.0,3,2.5,2750,226512,2.0,0,0,3,9,2750,0,2000,0,98070,47.4376,-122.456,1250,211266
439950.0,4,2.25,2780,15075,2.0,0,0,3,7,2780,0,1985,0,98059,47.477,-122.116,1650,25542
282613.0,2,1.0,830,6017,1.0,0,0,4,6,830,0,1954,0,98133,47.7466,-122.334,1340,6040
269950.0,3,2.0,1660,8641,2.0,0,0,4,8,1660,0,1987,0,98042,47.3663,-122.088,1490,8641
488800.0,4,2.25,2170,9665,1.0,0,0,4,8,1300,870,1976,0,98006,47.5444,-122.165,2170,12054
705000.0,4,3.25,2740,5339,2.5,0,0,3,9,2740,0,2004,0,98103,47.6706,-122.356,1770,4820
308950.0,3,2.5,1600,6250,2.0,0,0,3,7,1600,0,1995,0,98038,47.3675,-122.02,1760,6110
153000.0,2,1.0,1140,10152,1.0,0,0,3,6,760,380,1942,0,98155,47.7369,-122.321,1340,10141
718000.0,4,2.75,2930,4408,1.0,0,0,5,8,1660,1270,1939,0,98144,47.5841,-122.295,2200,4000
518000.0,3,1.0,1270,6612,1.5,0,3,3,7,1270,0,1927,0,98118,47.5433,-122.264,2100,7680
195000.0,3,1.0,1070,7615,1.0,0,0,4,7,1070,0,1969,0,98023,47.3189,-122.373,1240,6906
350500.0,3,2.25,1870,7200,1.0,0,0,3,7,1390,480,1975,0,98072,47.734,-122.174,1830,7876
840000.0,4,2.5,2480,4602,2.0,0,0,3,9,2480,0,2000,0,98052,47.6835,-122.161,3480,5739
687500.0,2,1.0,1040,7200,1.0,0,0,4,6,1040,0,1955,0,98033,47.6823,-122.203,1640,7200
1095000.0,3,2.5,2550,5100,2.0,0,0,3,9,2550,0,2014,0,98115,47.6757,-122.326,1250,4080
1312000.0,3,3.25,4030,6300,2.0,0,0,3,10,3630,400,2006,0,98105,47.6664,-122.276,1660,6300
1770000.0,3,2.5,2580,14603,1.0,0,2,4,9,2580,0,1951,0,98004,47.6199,-122.212,2410,14347
440000.0,3,2.5,2290,6302,2.0,0,0,3,9,2290,0,1997,0,98058,47.435,-122.107,2700,7500
183000.0,3,1.0,1170,7320,1.0,0,0,3,7,1170,0,1962,0,98188,47.4685,-122.282,2040,7320
489000.0,3,1.5,1020,9072,1.0,0,0,3,7,920,100,1930,0,98115,47.695,-122.301,1620,7930
330000.0,2,1.0,800,4533,1.0,0,0,3,6,600,200,1929,0,98115,47.6979,-122.325,1720,6800
299000.0,3,2.5,1650,4725,2.0,0,0,3,8,1650,0,2011,0,98038,47.3548,-122.055,2000,4725
1120000.0,5,2.75,4400,18500,1.0,0,3,5,9,2250,2150,1963,0,98028,47.7424,-122.263,3290,19257
750000.0,4,3.5,3050,7020,2.0,0,3,3,9,2050,1000,1984,0,98126,47.571,-122.374,2170,5900
341000.0,4,1.75,1920,7665,1.0,0,0,4,8,1500,420,1975,0,98058,47.4476,-122.128,2100,7344
290000.0,2,1.0,1120,217800,1.0,0,0,3,6,1120,0,1976,0,98019,47.7378,-121.912,1480,217800
800000.0,5,1.75,1930,501376,2.0,0,0,3,7,1930,0,1930,0,98014,47.6294,-121.911,1710,87120
385000.0,4,1.75,1800,10890,1.5,0,0,4,6,1800,0,1912,0,98027,47.5312,-122.04,1530,9818
925000.0,4,2.5,3110,11422,2.0,0,0,3,9,3110,0,1989,0,98115,47.6833,-122.271,2850,7254
466800.0,3,2.5,1480,14250,2.0,0,0,3,7,1480,0,1996,0,98033,47.6595,-122.186,1660,14250
385000.0,4,2.5,2960,5054,2.0,0,0,3,9,2960,0,2006,0,98038,47.3601,-122.035,2960,5000
235000.0,2,1.0,1010,7500,1.0,0,0,3,7,1010,0,1941,0,98108,47.5283,-122.32,1220,6000
425000.0,2,2.0,1440,6677,1.0,0,0,3,7,870,570,1952,0,98118,47.5513,-122.264,2020,7642
330000.0,4,1.75,1520,14417,1.0,0,0,4,7,1520,0,1968,0,98065,47.526,-121.809,1600,10716
256000.0,4,2.5,2050,5787,2.0,0,0,3,7,2050,0,2002,0,98198,47.3527,-122.315,2030,6615
358000.0,2,1.0,930,5077,1.0,0,0,3,6,930,0,1939,0,98133,47.7095,-122.35,1080,5803
320000.0,3,1.0,1060,5000,1.0,0,0,3,7,1060,0,1958,0,98106,47.5294,-122.354,1220,4600
259950.0,2,1.0,790,8100,1.0,0,0,3,6,790,0,1947,0,98125,47.7159,-122.305,1420,8100
248500.0,2,1.0,720,5160,1.0,0,0,3,6,720,0,1949,0,98106,47.5274,-122.357,990,5160
315000.0,4,2.75,2300,18360,1.0,0,0,4,7,1560,740,1979,0,98058,47.4518,-122.16,1870,9588
435000.0,4,2.25,2210,14073,1.0,0,0,3,8,1630,580,1978,0,98059,47.4774,-122.142,2340,11340
386000.0,2,2.5,1620,3196,2.0,0,0,3,8,1620,0,2008,0,98065,47.5167,-121.878,1750,2828
424500.0,3,1.75,1460,7700,1.0,0,0,3,7,1460,0,1979,0,98052,47.6981,-122.127,1720,7280
220000.0,3,2.5,1430,9044,2.0,0,0,3,7,1430,0,1991,0,98022,47.1956,-121.986,1580,8624
290000.0,2,1.0,930,7740,1.0,0,0,3,6,930,0,1924,0,98125,47.7091,-122.292,1250,7740
329000.0,3,1.75,1980,7000,1.0,0,0,4,8,1360,620,1977,0,98058,47.4442,-122.129,1880,7200
433190.0,3,2.5,1650,2787,2.0,0,0,3,8,1650,0,2014,0,98065,47.5336,-121.838,1760,2787
519000.0,4,2.5,1950,2617,1.5,0,0,4,7,1250,700,1910,0,98107,47.6696,-122.372,1520,1438
294450.0,4,2.25,1400,7341,1.0,0,0,3,7,1300,100,1961,0,98155,47.7565,-122.305,2090,7410
199000.0,4,2.0,2030,8120,2.0,0,0,3,7,2030,0,1950,0,98178,47.4994,-122.261,1520,9440
216000.0,2,1.0,1130,12500,1.0,0,0,4,7,1130,0,1953,0,98055,47.4514,-122.187,1270,10798
400000.0,6,3.0,3320,15600,1.0,0,0,4,8,1660,1660,1977,0,98092,47.2983,-122.166,2330,15360
530000.0,3,1.0,1440,27505,1.0,0,0,3,8,1440,0,1951,0,98177,47.7553,-122.37,2430,16400
449000.0,2,2.5,1460,1296,2.0,0,0,3,8,1160,300,2008,0,98144,47.5923,-122.296,1460,1296
664000.0,4,2.5,2390,8432,2.0,0,0,3,9,2390,0,1998,0,98074,47.6027,-122.024,2710,7417
374950.0,4,1.5,1970,14490,1.5,0,0,4,7,1970,0,1963,0,98059,47.4612,-122.069,1880,14880
245700.0,3,2.25,1640,8400,1.0,0,0,3,8,1180,460,1968,0,98032,47.3733,-122.289,1600,8120
1285000.0,4,3.5,3440,3800,3.0,0,0,3,9,3440,0,2014,0,98112,47.6408,-122.307,1760,3800
400000.0,2,1.0,1470,6120,1.0,0,0,2,7,1470,0,1940,0,98115,47.6914,-122.287,1840,6120
520000.0,3,2.75,1700,3264,1.0,0,0,3,7,1060,640,1919,0,98115,47.6767,-122.311,1880,4080
300000.0,3,2.5,2020,6628,1.0,0,0,4,7,1250,770,1963,0,98168,47.4934,-122.332,1540,9995
